admin1,macro_region,month,year_month,year,month_number,months_since_war_start,events,fatalities,civilian_targeting_events,violence_against_civilians_events,battles,explosions_remote,strategic_developments,protests_riots,saf_events,rsf_events,distinct_actor_count,unique_locations,unique_admin2,civilian_targeting_events_next_month,target_any_civilian_targeting_next_month,target_high_civilian_targeting_next_month,civilian_actor_events,fatal_event_count,mean_latitude,mean_longitude,events_lag1,fatalities_lag1,civilian_targeting_events_lag1,violence_against_civilians_events_lag1,battles_lag1,explosions_remote_lag1,strategic_developments_lag1,protests_riots_lag1,saf_events_lag1,rsf_events_lag1,civilian_actor_events_lag1,fatal_event_count_lag1,distinct_actor_count_lag1,unique_locations_lag1,unique_admin2_lag1,events_prev3mo,fatalities_prev3mo,civilian_targeting_events_prev3mo,battles_prev3mo,explosions_remote_prev3mo
Abyei,Abyei,2023-04-01,2023-04,2023,4,0,0,0,0,0,0,0,0,0,0,0,0,0,0,6.0,1,0,0,0,,,0,0,0,0,0,0,0,0,0,0,0,0,0,0,0,0,0,0,0,0
Abyei,Abyei,2023-05-01,2023-05,2023,5,1,12,36,6,6,4,0,2,0,0,0,10,10,1,1.0,1,0,8,8,9.527508333333333,28.551233333333332,0,0,0,0,0,0,0,0,0,0,0,0,0,0,0,0,0,0,0,0
Abyei,Abyei,2023-06-01,2023-06,2023,6,2,6,21,1,1,4,0,1,0,0,0,4,3,1,2.0,1,0,2,5,9.541466666666667,28.515283333333333,12,36,6,6,4,0,2,0,0,0,8,8,10,10,1,12,36,6,4,0
Abyei,Abyei,2023-07-01,2023-07,2023,7,3,2,0,2,2,0,0,0,0,0,0,4,1,1,1.0,1,0,2,0,9.5899,28.4486,6,21,1,1,4,0,1,0,0,0,2,5,4,3,1,18,57,7,8,0
Abyei,Abyei,2023-08-01,2023-08,2023,8,4,7,11,1,1,5,0,0,1,0,0,6,6,1,5.0,1,0,1,6,9.520714285714286,28.536985714285713,2,0,2,2,0,0,0,0,0,0,2,0,4,1,1,20,57,9,8,0
Abyei,Abyei,2023-09-01,2023-09,2023,9,5,7,32,5,5,2,0,0,0,0,0,5,4,1,1.0,1,0,5,6,9.507557142857141,28.4909,7,11,1,1,5,0,0,1,0,0,1,6,6,6,1,15,32,4,9,0
Abyei,Abyei,2023-10-01,2023-10,2023,10,6,9,17,1,1,5,0,2,1,0,0,13,4,1,9.0,1,1,1,5,9.54641111111111,28.45462222222222,7,32,5,5,2,0,0,0,0,0,5,6,5,4,1,16,43,8,7,0
Abyei,Abyei,2023-11-01,2023-11,2023,11,7,11,61,9,9,0,0,0,2,0,0,4,8,1,3.0,1,0,9,8,9.488536363636364,28.488463636363637,9,17,1,1,5,0,2,1,0,0,1,5,13,4,1,23,60,7,12,0
Abyei,Abyei,2023-12-01,2023-12,2023,12,8,18,42,3,3,10,0,1,4,0,0,6,10,1,8.0,1,0,4,9,9.450866666666666,28.518577777777775,11,61,9,9,0,0,0,2,0,0,9,8,4,8,1,27,110,15,7,0
Abyei,Abyei,2024-01-01,2024-01,2024,1,9,22,95,8,8,8,0,4,2,0,0,10,14,1,13.0,1,1,11,14,9.507786363636363,28.524822727272728,18,42,3,3,10,0,1,4,0,0,4,9,6,10,1,38,120,13,15,0
Abyei,Abyei,2024-02-01,2024-02,2024,2,10,19,54,13,13,4,0,2,0,0,0,8,14,1,1.0,1,0,15,12,9.512657894736842,28.54155789473684,22,95,8,8,8,0,4,2,0,0,11,14,10,14,1,51,198,20,18,0
Abyei,Abyei,2024-03-01,2024-03,2024,3,11,4,2,1,1,1,0,2,0,0,0,6,4,1,5.0,1,0,3,1,9.539100000000001,28.522375,19,54,13,13,4,0,2,0,0,0,15,12,8,14,1,59,191,24,22,0
Abyei,Abyei,2024-04-01,2024-04,2024,4,12,10,9,5,5,2,0,2,1,0,0,8,5,1,0.0,0,0,6,4,9.42822,28.608189999999997,4,2,1,1,1,0,2,0,0,0,3,1,6,4,1,45,151,22,13,0
Abyei,Abyei,2024-05-01,2024-05,2024,5,13,2,9,0,0,1,0,1,0,0,0,3,2,1,2.0,1,0,0,1,9.51605,28.5554,10,9,5,5,2,0,2,1,0,0,6,4,8,5,1,33,65,19,7,0
Abyei,Abyei,2024-06-01,2024-06,2024,6,14,2,7,2,2,0,0,0,0,0,0,4,2,1,1.0,1,0,2,1,9.638349999999999,28.38975,2,9,0,0,1,0,1,0,0,0,0,1,3,2,1,16,20,6,4,0
Abyei,Abyei,2024-07-01,2024-07,2024,7,15,1,1,1,1,0,0,0,0,0,0,2,1,1,1.0,1,0,1,1,9.4801,28.6478,2,7,2,2,0,0,0,0,0,0,2,1,4,2,1,14,25,7,3,0
Abyei,Abyei,2024-08-01,2024-08,2024,8,16,2,1,1,1,1,0,0,0,0,0,4,2,1,0.0,0,0,1,1,9.53915,28.448349999999998,1,1,1,1,0,0,0,0,0,0,1,1,2,1,1,5,17,3,1,0
Abyei,Abyei,2024-09-01,2024-09,2024,9,17,0,0,0,0,0,0,0,0,0,0,0,0,0,2.0,1,0,0,0,,,2,1,1,1,1,0,0,0,0,0,1,1,4,2,1,5,9,4,1,0
Abyei,Abyei,2024-10-01,2024-10,2024,10,18,4,1,2,2,0,0,1,1,0,1,6,4,1,4.0,1,0,3,1,9.5572,28.54835,0,0,0,0,0,0,0,0,0,0,0,0,0,0,0,3,2,2,1,0
Abyei,Abyei,2024-11-01,2024-11,2024,11,19,6,7,4,4,1,0,1,0,0,1,8,3,1,1.0,1,0,4,4,9.6499,28.455416666666665,4,1,2,2,0,0,1,1,0,1,3,1,6,4,1,6,2,3,1,0
Abyei,Abyei,2024-12-01,2024-12,2024,12,20,9,19,1,1,5,1,1,1,1,0,10,5,1,3.0,1,0,1,5,9.555655555555555,28.497455555555558,6,7,4,4,1,0,1,0,0,1,4,4,8,3,1,10,8,6,1,0
Abyei,Abyei,2025-01-01,2025-01,2025,1,21,5,5,3,3,1,0,1,0,0,0,7,4,1,1.0,1,0,4,3,9.53934,28.545079999999995,9,19,1,1,5,1,1,1,1,0,1,5,10,5,1,19,27,7,6,1
Abyei,Abyei,2025-02-01,2025-02,2025,2,22,2,5,1,1,1,0,0,0,0,0,3,2,1,0.0,0,0,1,1,9.53295,28.45145,5,5,3,3,1,0,1,0,0,0,4,3,7,4,1,20,31,8,7,1
Abyei,Abyei,2025-03-01,2025-03,2025,3,23,3,11,0,0,2,0,1,0,0,0,4,3,1,2.0,1,0,0,2,9.5967,28.552666666666667,2,5,1,1,1,0,0,0,0,0,1,1,3,2,1,16,29,5,7,1
Abyei,Abyei,2025-04-01,2025-04,2025,4,24,5,1,2,2,1,0,2,0,0,0,6,4,1,,,,4,1,9.6217,28.551979999999997,3,11,0,0,2,0,1,0,0,0,0,2,4,3,1,10,21,4,4,0
Al Jazirah,Central/Nile,2023-04-01,2023-04,2023,4,0,20,10,6,6,9,0,2,3,10,15,6,9,3,0.0,0,0,6,6,14.934185,33.14768,0,0,0,0,0,0,0,0,0,0,0,0,0,0,0,0,0,0,0,0
Al Jazirah,Central/Nile,2023-05-01,2023-05,2023,5,1,8,0,0,0,1,0,2,5,1,2,6,5,2,1.0,1,0,2,0,14.829550000000001,33.222375,20,10,6,6,9,0,2,3,10,15,6,6,6,9,3,20,10,6,9,0
Al Jazirah,Central/Nile,2023-06-01,2023-06,2023,6,2,2,2,1,1,0,0,1,0,0,1,3,2,2,5.0,1,0,1,1,14.827300000000001,33.251000000000005,8,0,0,0,1,0,2,5,1,2,2,0,6,5,2,28,10,6,10,0
Al Jazirah,Central/Nile,2023-07-01,2023-07,2023,7,3,17,92,5,3,3,5,3,3,10,11,4,9,4,5.0,1,0,5,5,15.132941176470588,32.96515882352941,2,2,1,1,0,0,1,0,0,1,1,1,3,2,2,30,12,7,10,0
Al Jazirah,Central/Nile,2023-08-01,2023-08,2023,8,4,22,12,5,5,2,5,9,1,14,12,8,12,6,4.0,1,0,6,5,14.834327272727274,33.14822727272727,17,92,5,3,3,5,3,3,10,11,5,5,4,9,4,27,94,6,4,5
Al Jazirah,Central/Nile,2023-09-01,2023-09,2023,9,5,14,19,4,4,0,2,8,0,5,10,4,7,2,4.0,1,0,5,5,15.00792142857143,33.138914285714286,22,12,5,5,2,5,9,1,14,12,6,5,8,12,6,41,106,11,5,10
Al Jazirah,Central/Nile,2023-10-01,2023-10,2023,10,6,21,1,4,4,0,0,17,0,4,17,5,15,4,1.0,1,0,14,1,14.965590476190476,33.107947619047614,14,19,4,4,0,2,8,0,5,10,5,5,4,7,2,53,123,14,5,12
Al Jazirah,Central/Nile,2023-11-01,2023-11,2023,11,7,2,0,1,1,1,0,0,0,2,1,3,1,1,62.0,1,1,1,0,15.3714,32.7558,21,1,4,4,0,0,17,0,4,17,14,1,5,15,4,57,32,13,2,7
Al Jazirah,Central/Nile,2023-12-01,2023-12,2023,12,8,165,205,62,58,32,9,65,1,50,146,14,60,8,46.0,1,1,99,53,14.568792727272728,33.41282545454545,2,0,1,1,1,0,0,0,2,1,1,0,3,1,1,37,20,9,1,2
Al Jazirah,Central/Nile,2024-01-01,2024-01,2024,1,9,97,106,46,26,10,35,24,2,47,68,7,44,8,115.0,1,1,71,36,14.458860824742269,33.40725979381443,165,205,62,58,32,9,65,1,50,146,99,53,14,60,8,188,206,67,33,9
Al Jazirah,Central/Nile,2024-02-01,2024-02,2024,2,10,210,224,115,113,8,30,59,0,34,200,11,104,7,79.0,1,1,169,85,14.559235238095239,33.210071904761904,97,106,46,26,10,35,24,2,47,68,71,36,7,44,8,264,311,109,43,44
Al Jazirah,Central/Nile,2024-03-01,2024-03,2024,3,11,137,160,79,71,13,18,34,1,22,131,9,89,8,75.0,1,1,107,50,14.562164233576642,33.20324598540146,210,224,115,113,8,30,59,0,34,200,169,85,11,104,7,472,535,223,50,74
Al Jazirah,Central/Nile,2024-04-01,2024-04,2024,4,12,146,163,75,70,24,16,36,0,47,134,6,87,8,67.0,1,1,103,55,14.502717808219177,33.31327534246575,137,160,79,71,13,18,34,1,22,131,107,50,9,89,8,444,490,240,31,83
Al Jazirah,Central/Nile,2024-05-01,2024-05,2024,5,13,107,171,67,63,11,13,20,0,21,100,8,71,8,45.0,1,1,85,57,14.538027102803738,33.30785327102804,146,163,75,70,24,16,36,0,47,134,103,55,6,87,8,493,547,269,45,64
Al Jazirah,Central/Nile,2024-06-01,2024-06,2024,6,14,97,414,45,34,10,26,27,0,30,74,8,60,7,27.0,1,1,69,44,14.471816494845362,33.16538762886598,107,171,67,63,11,13,20,0,21,100,85,57,8,71,8,390,494,221,48,47
Al Jazirah,Central/Nile,2024-07-01,2024-07,2024,7,15,45,115,27,26,6,8,5,0,12,43,6,32,7,46.0,1,1,30,23,14.522773333333333,33.27826888888889,97,414,45,34,10,26,27,0,30,74,69,44,8,60,7,350,748,187,45,55
Al Jazirah,Central/Nile,2024-08-01,2024-08,2024,8,16,84,164,46,42,9,17,16,0,21,76,7,46,7,51.0,1,1,52,43,14.577348809523809,33.314957142857146,45,115,27,26,6,8,5,0,12,43,30,23,6,32,7,249,700,139,27,47
Al Jazirah,Central/Nile,2024-09-01,2024-09,2024,9,17,92,207,51,50,11,20,10,1,31,87,6,59,7,133.0,1,1,60,47,14.568314130434784,33.27735543478261,84,164,46,42,9,17,16,0,21,76,52,43,7,46,7,226,693,118,25,51
Al Jazirah,Central/Nile,2024-10-01,2024-10,2024,10,18,217,1467,133,125,19,31,41,1,52,193,9,125,8,97.0,1,1,165,112,14.703770506912441,33.375524423963135,92,207,51,50,11,20,10,1,31,87,60,47,6,59,7,221,486,124,26,45
Al Jazirah,Central/Nile,2024-11-01,2024-11,2024,11,19,165,373,97,79,10,32,44,0,22,156,9,91,8,71.0,1,1,139,79,14.79702303030303,33.27016242424242,217,1467,133,125,19,31,41,1,52,193,165,112,9,125,8,393,1838,230,39,68
Al Jazirah,Central/Nile,2024-12-01,2024-12,2024,12,20,151,528,71,66,28,16,41,0,54,129,9,85,8,107.0,1,1,87,61,14.438276821192051,33.368544370860924,165,373,97,79,10,32,44,0,22,156,139,79,9,91,8,474,2047,281,40,83
Al Jazirah,Central/Nile,2025-01-01,2025-01,2025,1,21,239,415,107,96,20,29,93,1,86,203,12,127,8,24.0,1,1,131,83,14.62497280334728,33.300010460251045,151,528,71,66,28,16,41,0,54,129,87,61,9,85,8,533,2368,301,57,79
Al Jazirah,Central/Nile,2025-02-01,2025-02,2025,2,22,90,52,24,22,23,5,40,0,59,82,7,62,8,17.0,1,1,38,19,14.979299999999999,32.962184444444446,239,415,107,96,20,29,93,1,86,203,131,83,12,127,8,555,1316,275,58,77
Al Jazirah,Central/Nile,2025-03-01,2025-03,2025,3,23,48,69,17,15,6,9,18,0,22,42,7,18,5,1.0,1,0,23,18,15.061685416666668,32.92670416666667,90,52,24,22,23,5,40,0,59,82,38,19,7,62,8,480,995,202,71,50
Al Jazirah,Central/Nile,2025-04-01,2025-04,2025,4,24,3,4,1,1,1,0,1,0,2,0,4,3,3,,,,1,2,14.588133333333333,33.3453,48,69,17,15,6,9,18,0,22,42,23,18,7,18,5,377,536,148,49,43
Blue Nile,Central/Nile,2023-04-01,2023-04,2023,4,0,4,9,0,0,2,0,1,1,1,1,6,2,2,0.0,0,0,1,1,11.764949999999999,34.3459,0,0,0,0,0,0,0,0,0,0,0,0,0,0,0,0,0,0,0,0
Blue Nile,Central/Nile,2023-05-01,2023-05,2023,5,1,1,0,0,0,0,0,0,1,0,0,1,1,1,0.0,0,0,0,0,11.7898,34.3599,4,9,0,0,2,0,1,1,1,1,1,1,6,2,2,4,9,0,2,0
Blue Nile,Central/Nile,2023-06-01,2023-06,2023,6,2,3,0,0,0,2,0,1,0,2,0,3,2,2,0.0,0,0,0,0,10.9692,34.30943333333334,1,0,0,0,0,0,0,1,0,0,0,0,1,1,1,5,9,0,2,0
Blue Nile,Central/Nile,2023-07-01,2023-07,2023,7,3,2,10,0,0,1,0,0,1,1,0,3,2,2,4.0,1,0,0,1,11.17435,34.322050000000004,3,0,0,0,2,0,1,0,2,0,0,0,3,2,2,8,9,0,4,0
Blue Nile,Central/Nile,2023-08-01,2023-08,2023,8,4,10,24,4,4,3,0,2,1,8,0,7,4,3,0.0,0,0,5,3,11.04164,34.31613,2,10,0,0,1,0,0,1,1,0,0,1,3,2,2,6,10,0,3,0
Blue Nile,Central/Nile,2023-09-01,2023-09,2023,9,5,2,0,0,0,0,0,2,0,2,0,3,2,2,0.0,0,0,1,0,11.8256,34.375600000000006,10,24,4,4,3,0,2,1,8,0,5,3,7,4,3,15,34,4,6,0
Blue Nile,Central/Nile,2023-10-01,2023-10,2023,10,6,0,0,0,0,0,0,0,0,0,0,0,0,0,0.0,0,0,0,0,,,2,0,0,0,0,0,2,0,2,0,1,0,3,2,2,14,34,4,4,0
Blue Nile,Central/Nile,2023-11-01,2023-11,2023,11,7,3,5,0,0,1,0,2,0,1,0,4,2,2,1.0,1,0,0,1,11.550400000000002,34.278533333333336,0,0,0,0,0,0,0,0,0,0,0,0,0,0,0,12,24,4,3,0
Blue Nile,Central/Nile,2023-12-01,2023-12,2023,12,8,9,0,1,1,1,0,7,0,6,3,5,2,2,1.0,1,0,5,0,11.653033333333333,34.351488888888895,3,5,0,0,1,0,2,0,1,0,0,1,4,2,2,5,5,0,1,0
Blue Nile,Central/Nile,2024-01-01,2024-01,2024,1,9,7,0,1,1,0,0,6,0,4,0,5,2,1,0.0,0,0,2,0,11.878185714285715,34.347728571428576,9,0,1,1,1,0,7,0,6,3,5,0,5,2,2,12,5,1,2,0
Blue Nile,Central/Nile,2024-02-01,2024-02,2024,2,10,0,0,0,0,0,0,0,0,0,0,0,0,0,0.0,0,0,0,0,,,7,0,1,1,0,0,6,0,4,0,2,0,5,2,1,19,5,2,2,0
Blue Nile,Central/Nile,2024-03-01,2024-03,2024,3,11,1,0,0,0,0,0,1,0,0,0,1,1,1,0.0,0,0,0,0,11.7898,34.3599,0,0,0,0,0,0,0,0,0,0,0,0,0,0,0,16,0,2,1,0
Blue Nile,Central/Nile,2024-04-01,2024-04,2024,4,12,2,1,0,0,1,0,1,0,0,0,2,2,2,0.0,0,0,0,1,10.8838,34.22565,1,0,0,0,0,0,1,0,0,0,0,0,1,1,1,8,0,1,0,0
Blue Nile,Central/Nile,2024-05-01,2024-05,2024,5,13,1,0,0,0,0,0,1,0,0,0,1,1,1,0.0,0,0,0,0,11.7898,34.3599,2,1,0,0,1,0,1,0,0,0,0,1,2,2,2,3,1,0,1,0
Blue Nile,Central/Nile,2024-06-01,2024-06,2024,6,14,5,2,0,0,0,0,4,1,1,0,4,2,2,0.0,0,0,1,1,11.72374,34.4112,1,0,0,0,0,0,1,0,0,0,0,0,1,1,1,4,1,0,1,0
Blue Nile,Central/Nile,2024-07-01,2024-07,2024,7,15,2,27,0,0,2,0,0,0,0,1,4,2,1,1.0,1,0,0,2,12.104700000000001,34.32825,5,2,0,0,0,0,4,1,1,0,1,1,4,2,2,8,3,0,1,0
Blue Nile,Central/Nile,2024-08-01,2024-08,2024,8,16,11,16,1,1,2,0,8,0,5,4,5,8,4,0.0,0,0,1,2,11.484718181818183,33.94338181818182,2,27,0,0,2,0,0,0,0,1,0,2,4,2,1,8,29,0,2,0
Blue Nile,Central/Nile,2024-09-01,2024-09,2024,9,17,5,0,0,0,2,0,3,0,3,4,3,4,2,1.0,1,0,0,0,11.8273,33.73814,11,16,1,1,2,0,8,0,5,4,1,2,5,8,4,18,45,1,4,0
Blue Nile,Central/Nile,2024-10-01,2024-10,2024,10,18,4,22,1,1,2,0,1,0,3,3,3,4,3,4.0,1,0,2,3,11.79655,34.0221,5,0,0,0,2,0,3,0,3,4,0,0,3,4,2,18,43,1,6,0
Blue Nile,Central/Nile,2024-11-01,2024-11,2024,11,19,14,120,4,4,1,0,9,0,8,7,6,6,3,2.0,1,0,5,4,11.712285714285715,33.86306428571429,4,22,1,1,2,0,1,0,3,3,2,3,3,4,3,20,38,2,6,0
Blue Nile,Central/Nile,2024-12-01,2024-12,2024,12,20,17,23,2,1,3,9,4,0,13,7,4,11,4,2.0,1,0,3,3,11.315488235294119,33.79374117647059,14,120,4,4,1,0,9,0,8,7,5,4,6,6,3,23,142,5,5,0
Blue Nile,Central/Nile,2025-01-01,2025-01,2025,1,21,4,13,2,1,2,1,0,0,4,4,3,2,1,3.0,1,0,2,2,11.593025,33.492575,17,23,2,1,3,9,4,0,13,7,3,3,4,11,4,35,165,7,6,9
Blue Nile,Central/Nile,2025-02-01,2025-02,2025,2,22,10,4,3,2,4,2,2,0,2,8,7,7,4,4.0,1,0,3,2,11.18248,33.74161,4,13,2,1,2,1,0,0,4,4,2,2,3,2,1,35,156,8,6,10
Blue Nile,Central/Nile,2025-03-01,2025-03,2025,3,23,19,15,4,0,7,5,7,0,9,16,6,13,4,1.0,1,0,4,5,11.247421052631578,33.88631052631579,10,4,3,2,4,2,2,0,2,8,3,2,7,7,4,31,40,7,9,12
Blue Nile,Central/Nile,2025-04-01,2025-04,2025,4,24,3,13,1,1,2,0,0,0,3,2,3,3,2,,,,1,2,11.4129,34.0392,19,15,4,0,7,5,7,0,9,16,4,5,6,13,4,33,32,9,13,8
Central Darfur,Darfur,2023-04-01,2023-04,2023,4,0,8,16,0,0,7,0,1,0,6,6,6,1,1,2.0,1,0,1,4,12.9075,23.4706,0,0,0,0,0,0,0,0,0,0,0,0,0,0,0,0,0,0,0,0
Central Darfur,Darfur,2023-05-01,2023-05,2023,5,1,10,30,2,2,5,0,3,0,5,6,6,2,2,2.0,1,0,4,5,12.855280000000002,23.43768,8,16,0,0,7,0,1,0,6,6,1,4,6,1,1,8,16,0,7,0
Central Darfur,Darfur,2023-06-01,2023-06,2023,6,2,10,36,2,2,7,0,1,0,5,9,5,4,4,7.0,1,0,3,6,12.64436,23.46294,10,30,2,2,5,0,3,0,5,6,4,5,6,2,2,18,46,2,12,0
Central Darfur,Darfur,2023-07-01,2023-07,2023,7,3,27,82,7,7,11,0,9,0,10,23,9,9,5,5.0,1,0,14,11,12.744374074074074,23.439074074074075,10,36,2,2,7,0,1,0,5,9,3,6,5,4,4,28,82,4,19,0
Central Darfur,Darfur,2023-08-01,2023-08,2023,8,4,34,115,5,5,15,0,14,0,13,20,10,12,6,11.0,1,1,6,14,12.882267647058823,23.678044117647058,27,82,7,7,11,0,9,0,10,23,14,11,9,9,5,47,148,11,23,0
Central Darfur,Darfur,2023-09-01,2023-09,2023,9,5,30,42,11,11,12,1,6,0,15,22,7,10,5,26.0,1,1,13,8,12.941776666666668,23.584196666666667,34,115,5,5,15,0,14,0,13,20,6,14,10,12,6,71,233,14,33,0
Central Darfur,Darfur,2023-10-01,2023-10,2023,10,6,53,116,26,14,17,15,7,0,16,43,9,9,5,4.0,1,0,30,25,12.847218867924528,23.443345283018868,30,42,11,11,12,1,6,0,15,22,13,8,7,10,5,91,239,23,38,1
Central Darfur,Darfur,2023-11-01,2023-11,2023,11,7,10,2,4,4,0,0,6,0,1,8,5,2,2,2.0,1,0,6,1,12.92484,23.64223,53,116,26,14,17,15,7,0,16,43,30,25,9,9,5,117,273,42,44,16
Central Darfur,Darfur,2023-12-01,2023-12,2023,12,8,8,15,2,2,3,0,2,1,2,6,8,4,3,3.0,1,0,3,3,12.944975,23.6753625,10,2,4,4,0,0,6,0,1,8,6,1,5,2,2,93,160,41,29,16
Central Darfur,Darfur,2024-01-01,2024-01,2024,1,9,5,3,3,3,0,0,2,0,0,3,4,4,4,5.0,1,0,4,1,12.90326,23.496460000000003,8,15,2,2,3,0,2,1,2,6,3,3,8,4,3,71,133,32,20,15
Central Darfur,Darfur,2024-02-01,2024-02,2024,2,10,8,4,5,5,0,0,3,0,0,4,6,4,4,0.0,0,0,6,3,12.578575,23.461025,5,3,3,3,0,0,2,0,0,3,4,1,4,4,4,23,20,9,3,0
Central Darfur,Darfur,2024-03-01,2024-03,2024,3,11,5,0,0,0,0,0,5,0,0,4,3,5,4,2.0,1,0,4,0,12.653659999999999,23.37912,8,4,5,5,0,0,3,0,0,4,6,3,6,4,4,21,22,10,3,0
Central Darfur,Darfur,2024-04-01,2024-04,2024,4,12,4,0,2,2,1,0,1,0,0,1,5,2,2,2.0,1,0,3,0,11.5788,23.088775000000002,5,0,0,0,0,0,5,0,0,4,4,0,3,5,4,18,7,8,0,0
Central Darfur,Darfur,2024-05-01,2024-05,2024,5,13,5,8,2,2,1,0,2,0,0,1,5,4,3,1.0,1,0,2,2,12.227219999999999,23.57052,4,0,2,2,1,0,1,0,0,1,3,0,5,2,2,17,4,7,1,0
Central Darfur,Darfur,2024-06-01,2024-06,2024,6,14,8,1,1,1,1,1,4,1,1,5,9,3,2,7.0,1,0,2,1,12.6668625,23.442225,5,8,2,2,1,0,2,0,0,1,2,2,5,4,3,14,8,4,2,0
Central Darfur,Darfur,2024-07-01,2024-07,2024,7,15,13,2,7,7,0,0,6,0,0,8,5,5,3,3.0,1,0,9,2,12.898384615384616,23.58314615384615,8,1,1,1,1,1,4,1,1,5,2,1,9,3,2,17,9,5,3,1
Central Darfur,Darfur,2024-08-01,2024-08,2024,8,16,6,12,3,2,0,2,2,0,2,2,4,3,2,8.0,1,0,5,4,12.753516666666668,23.450383333333335,13,2,7,7,0,0,6,0,0,8,9,2,5,5,3,26,11,10,2,1
Central Darfur,Darfur,2024-09-01,2024-09,2024,9,17,10,4,8,8,0,1,1,0,1,7,5,5,4,13.0,1,1,9,4,12.76272,23.30355,6,12,3,2,0,2,2,0,2,2,5,4,4,3,2,27,15,11,1,3
Central Darfur,Darfur,2024-10-01,2024-10,2024,10,18,26,10,13,13,0,0,13,0,0,10,7,12,5,4.0,1,0,23,8,12.79398076923077,23.537650000000003,10,4,8,8,0,1,1,0,1,7,9,4,5,5,4,29,18,18,0,3
Central Darfur,Darfur,2024-11-01,2024-11,2024,11,19,5,2,4,4,0,0,1,0,0,4,3,4,4,0.0,0,0,5,2,12.46542,23.48792,26,10,13,13,0,0,13,0,0,10,23,8,7,12,5,42,26,24,0,3
Central Darfur,Darfur,2024-12-01,2024-12,2024,12,20,4,2,0,0,1,0,3,0,0,3,5,3,3,9.0,1,1,2,1,12.556975000000001,23.326175,5,2,4,4,0,0,1,0,0,4,5,2,3,4,4,41,16,25,0,1
Central Darfur,Darfur,2025-01-01,2025-01,2025,1,21,12,3,9,8,0,1,3,0,2,7,5,5,3,3.0,1,0,10,3,12.902416666666667,23.58141666666667,4,2,0,0,1,0,3,0,0,3,2,1,5,3,3,35,14,17,1,0
Central Darfur,Darfur,2025-02-01,2025-02,2025,2,22,5,6,3,3,1,1,0,0,1,3,4,3,2,2.0,1,0,4,3,12.28858,23.1824,12,3,9,8,0,1,3,0,2,7,10,3,5,5,3,21,7,13,1,1
Central Darfur,Darfur,2025-03-01,2025-03,2025,3,23,2,0,2,2,0,0,0,0,0,0,2,2,2,5.0,1,0,2,0,11.96415,23.2151,5,6,3,3,1,1,0,0,1,3,4,3,4,3,2,21,11,12,2,2
Central Darfur,Darfur,2025-04-01,2025-04,2025,4,24,6,3,5,5,0,0,0,1,0,0,4,6,5,,,,5,3,12.699416666666666,23.6273,2,0,2,2,0,0,0,0,0,0,2,0,2,2,2,19,9,14,1,2
East Darfur,Darfur,2023-04-01,2023-04,2023,4,0,1,4,0,0,1,0,0,0,1,1,2,1,1,0.0,0,0,0,1,11.4619,26.1258,0,0,0,0,0,0,0,0,0,0,0,0,0,0,0,0,0,0,0,0
East Darfur,Darfur,2023-05-01,2023-05,2023,5,1,1,0,0,0,1,0,0,0,0,0,1,1,1,0.0,0,0,0,0,11.4619,26.1258,1,4,0,0,1,0,0,0,1,1,0,1,2,1,1,1,4,0,1,0
East Darfur,Darfur,2023-06-01,2023-06,2023,6,2,2,0,0,0,1,0,1,0,1,2,2,1,1,0.0,0,0,0,0,11.4619,26.1258,1,0,0,0,1,0,0,0,0,0,0,0,1,1,1,2,4,0,2,0
East Darfur,Darfur,2023-07-01,2023-07,2023,7,3,3,0,0,0,0,0,3,0,2,3,4,1,1,0.0,0,0,1,0,11.4619,26.1258,2,0,0,0,1,0,1,0,1,2,0,0,2,1,1,4,4,0,3,0
East Darfur,Darfur,2023-08-01,2023-08,2023,8,4,2,0,0,0,1,0,1,0,1,1,4,2,1,3.0,1,0,1,0,11.3513,26.8896,3,0,0,0,0,0,3,0,2,3,1,0,4,1,1,6,0,0,2,0
East Darfur,Darfur,2023-09-01,2023-09,2023,9,5,3,5,3,3,0,0,0,0,0,0,3,1,1,0.0,0,0,3,1,11.4619,26.1258,2,0,0,0,1,0,1,0,1,1,1,0,4,2,1,7,0,0,2,0
East Darfur,Darfur,2023-10-01,2023-10,2023,10,6,11,1,0,0,4,0,7,0,5,8,8,5,4,3.0,1,0,0,1,11.547590909090909,26.41970909090909,3,5,3,3,0,0,0,0,0,0,3,1,3,1,1,8,5,3,1,0
East Darfur,Darfur,2023-11-01,2023-11,2023,11,7,16,31,3,3,7,0,5,1,6,12,6,4,3,0.0,0,0,4,3,11.45393125,26.426237500000003,11,1,0,0,4,0,7,0,5,8,0,1,8,5,4,16,6,3,5,0
East Darfur,Darfur,2023-12-01,2023-12,2023,12,8,2,0,0,0,0,0,1,1,0,1,2,1,1,0.0,0,0,0,0,11.4619,26.1258,16,31,3,3,7,0,5,1,6,12,4,3,6,4,3,30,37,6,11,0
East Darfur,Darfur,2024-01-01,2024-01,2024,1,9,5,0,0,0,0,3,2,0,3,4,2,2,2,2.0,1,0,1,0,11.411660000000001,26.4752,2,0,0,0,0,0,1,1,0,1,0,0,2,1,1,29,32,3,11,0
East Darfur,Darfur,2024-02-01,2024-02,2024,2,10,6,22,2,1,1,2,0,2,2,0,5,4,3,3.0,1,0,2,3,11.5494,26.058899999999998,5,0,0,0,0,3,2,0,3,4,1,0,2,2,2,23,31,3,7,3
East Darfur,Darfur,2024-03-01,2024-03,2024,3,11,5,6,3,3,0,0,2,0,0,3,4,2,2,2.0,1,0,3,3,11.814760000000001,25.760340000000003,6,22,2,1,1,2,0,2,2,0,2,3,5,4,3,13,22,2,1,5
East Darfur,Darfur,2024-04-01,2024-04,2024,4,12,7,6,2,2,2,0,3,0,2,5,5,2,2,0.0,0,0,2,2,11.601414285714286,26.047885714285716,5,6,3,3,0,0,2,0,0,3,3,3,4,2,2,16,28,5,1,5
East Darfur,Darfur,2024-05-01,2024-05,2024,5,13,3,0,0,0,0,1,2,0,1,2,4,3,3,0.0,0,0,1,0,11.494933333333334,26.59766666666667,7,6,2,2,2,0,3,0,2,5,2,2,5,2,2,18,34,7,3,2
East Darfur,Darfur,2024-06-01,2024-06,2024,6,14,0,0,0,0,0,0,0,0,0,0,0,0,0,1.0,1,0,0,0,,,3,0,0,0,0,1,2,0,1,2,1,0,4,3,3,15,12,5,2,1
East Darfur,Darfur,2024-07-01,2024-07,2024,7,15,4,4,1,1,2,0,1,0,0,2,6,3,3,6.0,1,0,2,3,11.3387,26.26125,0,0,0,0,0,0,0,0,0,0,0,0,0,0,0,10,6,2,2,1
East Darfur,Darfur,2024-08-01,2024-08,2024,8,16,16,23,6,4,0,8,3,1,8,6,7,8,5,2.0,1,0,8,3,11.7832125,26.02711875,4,4,1,1,2,0,1,0,0,2,2,3,6,3,3,7,4,1,2,1
East Darfur,Darfur,2024-09-01,2024-09,2024,9,17,8,12,2,1,1,4,2,0,4,5,5,2,2,11.0,1,1,4,5,11.477575,26.178125,16,23,6,4,0,8,3,1,8,6,8,3,7,8,5,20,27,7,2,8
East Darfur,Darfur,2024-10-01,2024-10,2024,10,18,17,5,11,10,1,1,4,1,1,14,5,7,5,4.0,1,0,11,3,11.407082352941176,26.293529411764705,8,12,2,1,1,4,2,0,4,5,4,5,5,2,2,28,39,9,3,12
East Darfur,Darfur,2024-11-01,2024-11,2024,11,19,8,13,4,4,1,0,2,1,1,5,6,4,4,0.0,0,0,5,3,11.389825,26.2088125,17,5,11,10,1,1,4,1,1,14,11,3,5,7,5,41,40,19,2,13
East Darfur,Darfur,2024-12-01,2024-12,2024,12,20,5,11,0,0,3,0,2,0,0,2,3,5,3,3.0,1,0,2,3,11.9069,25.76336,8,13,4,4,1,0,2,1,1,5,5,3,6,4,4,33,30,17,3,5
East Darfur,Darfur,2025-01-01,2025-01,2025,1,21,11,2,3,3,1,1,6,0,0,8,7,7,5,9.0,1,1,5,2,11.434627272727273,26.251136363636363,5,11,0,0,3,0,2,0,0,2,2,3,3,5,3,30,29,15,5,1
East Darfur,Darfur,2025-02-01,2025-02,2025,2,22,14,17,9,8,3,1,1,1,4,8,5,5,5,6.0,1,0,10,5,11.521157142857144,26.349757142857147,11,2,3,3,1,1,6,0,0,8,5,2,7,7,5,24,26,7,5,1
East Darfur,Darfur,2025-03-01,2025-03,2025,3,23,12,1,6,5,0,3,3,1,2,5,6,3,3,2.0,1,0,7,1,11.572133333333333,26.126583333333333,14,17,9,8,3,1,1,1,4,8,10,5,5,5,5,30,30,12,7,2
East Darfur,Darfur,2025-04-01,2025-04,2025,4,24,6,1,2,2,0,0,4,0,1,6,3,3,3,,,,2,1,11.496016666666668,26.101366666666667,12,1,6,5,0,3,3,1,2,5,7,1,6,3,3,37,20,18,4,5
Gedaref,Eastern Sudan,2023-04-01,2023-04,2023,4,0,8,1,2,0,3,0,2,3,4,2,8,4,3,0.0,0,0,1,1,13.946625,35.4623625,0,0,0,0,0,0,0,0,0,0,0,0,0,0,0,0,0,0,0,0
Gedaref,Eastern Sudan,2023-05-01,2023-05,2023,5,1,3,0,0,0,0,0,2,1,2,0,4,1,1,0.0,0,0,1,0,14.0479,35.3884,8,1,2,0,3,0,2,3,4,2,1,1,8,4,3,8,1,2,3,0
Gedaref,Eastern Sudan,2023-06-01,2023-06,2023,6,2,5,0,0,0,0,0,1,4,0,0,4,1,1,0.0,0,0,1,0,14.047900000000002,35.3884,3,0,0,0,0,0,2,1,2,0,1,0,4,1,1,11,1,2,3,0
Gedaref,Eastern Sudan,2023-07-01,2023-07,2023,7,3,3,1,0,0,1,0,2,0,3,0,4,2,2,0.0,0,0,1,1,14.470833333333333,35.20336666666666,5,0,0,0,0,0,1,4,0,0,1,0,4,1,1,16,1,2,3,0
Gedaref,Eastern Sudan,2023-08-01,2023-08,2023,8,4,6,0,0,0,0,0,5,1,2,0,5,3,3,0.0,0,0,0,0,13.8974,35.54931666666666,3,1,0,0,1,0,2,0,3,0,1,1,4,2,2,11,1,0,1,0
Gedaref,Eastern Sudan,2023-09-01,2023-09,2023,9,5,1,0,0,0,0,0,1,0,1,0,1,1,1,0.0,0,0,0,0,13.6091,34.5456,6,0,0,0,0,0,5,1,2,0,0,0,5,3,3,14,1,0,1,0
Gedaref,Eastern Sudan,2023-10-01,2023-10,2023,10,6,3,0,0,0,0,0,2,1,1,0,4,3,2,3.0,1,0,0,0,14.203966666666666,35.6732,1,0,0,0,0,0,1,0,1,0,0,0,1,1,1,10,1,0,1,0
Gedaref,Eastern Sudan,2023-11-01,2023-11,2023,11,7,13,1,3,3,1,0,5,4,3,1,11,4,4,0.0,0,0,4,1,13.8116,35.559607692307694,3,0,0,0,0,0,2,1,1,0,0,0,4,3,2,10,0,0,0,0
Gedaref,Eastern Sudan,2023-12-01,2023-12,2023,12,8,10,0,0,0,0,0,10,0,4,2,5,4,3,2.0,1,0,3,0,14.384229999999999,35.17274999999999,13,1,3,3,1,0,5,4,3,1,4,1,11,4,4,17,1,3,1,0
Gedaref,Eastern Sudan,2024-01-01,2024-01,2024,1,9,14,8,2,2,5,0,6,1,6,4,12,6,5,0.0,0,0,3,2,14.029035714285714,35.07796428571429,10,0,0,0,0,0,10,0,4,2,3,0,5,4,3,26,1,3,1,0
Gedaref,Eastern Sudan,2024-02-01,2024-02,2024,2,10,2,0,0,0,0,0,2,0,1,0,2,1,1,1.0,1,0,0,0,14.0479,35.3884,14,8,2,2,5,0,6,1,6,4,3,2,12,6,5,37,9,5,6,0
Gedaref,Eastern Sudan,2024-03-01,2024-03,2024,3,11,10,13,1,1,2,0,5,2,7,2,8,6,5,5.0,1,0,2,2,14.03389,34.9056,2,0,0,0,0,0,2,0,1,0,0,0,2,1,1,26,8,2,5,0
Gedaref,Eastern Sudan,2024-04-01,2024-04,2024,4,12,15,10,5,5,3,2,5,0,13,4,8,5,4,0.0,0,0,7,1,14.057933333333333,34.6782,10,13,1,1,2,0,5,2,7,2,2,2,8,6,5,26,21,3,7,0
Gedaref,Eastern Sudan,2024-05-01,2024-05,2024,5,13,17,6,0,0,3,2,12,0,15,8,7,9,5,1.0,1,0,2,3,14.00339411764706,34.98060588235294,15,10,5,5,3,2,5,0,13,4,7,1,8,5,4,27,23,6,5,2
Gedaref,Eastern Sudan,2024-06-01,2024-06,2024,6,14,4,1,1,1,0,0,3,0,2,1,5,4,3,2.0,1,0,3,1,13.5642,35.844375,17,6,0,0,3,2,12,0,15,8,2,3,7,9,5,42,29,6,8,4
Gedaref,Eastern Sudan,2024-07-01,2024-07,2024,7,15,8,3,2,2,0,1,5,0,2,1,5,5,5,0.0,0,0,7,1,13.7459375,34.863275,4,1,1,1,0,0,3,0,2,1,3,1,5,4,3,36,17,6,6,4
Gedaref,Eastern Sudan,2024-08-01,2024-08,2024,8,16,3,1,0,0,1,0,2,0,0,1,4,3,3,0.0,0,0,0,1,13.6954,35.50893333333334,8,3,2,2,0,1,5,0,2,1,7,1,5,5,5,29,10,3,3,3
Gedaref,Eastern Sudan,2024-09-01,2024-09,2024,9,17,12,0,0,0,1,1,10,0,7,4,10,9,6,0.0,0,0,3,0,13.737933333333332,35.47011666666666,3,1,0,0,1,0,2,0,0,1,0,1,4,3,3,15,5,3,1,1
Gedaref,Eastern Sudan,2024-10-01,2024-10,2024,10,18,4,0,0,0,0,1,3,0,3,2,3,3,3,3.0,1,0,0,0,14.2091,34.640924999999996,12,0,0,0,1,1,10,0,7,4,3,0,10,9,6,23,4,2,2,2
Gedaref,Eastern Sudan,2024-11-01,2024-11,2024,11,19,7,34,3,1,2,2,2,0,5,4,4,3,2,0.0,0,0,3,5,14.712914285714286,33.92221428571428,4,0,0,0,0,1,3,0,3,2,0,0,3,3,3,19,1,0,2,2
Gedaref,Eastern Sudan,2024-12-01,2024-12,2024,12,20,1,0,0,0,0,0,1,0,1,0,2,1,1,0.0,0,0,0,0,14.3973,35.8644,7,34,3,1,2,2,2,0,5,4,3,5,4,3,2,23,34,3,3,4
Gedaref,Eastern Sudan,2025-01-01,2025-01,2025,1,21,5,0,0,0,0,1,4,0,1,1,7,2,2,0.0,0,0,1,0,14.11778,35.4836,1,0,0,0,0,0,1,0,1,0,0,0,2,1,1,12,34,3,2,3
Gedaref,Eastern Sudan,2025-02-01,2025-02,2025,2,22,2,0,0,0,0,0,0,2,0,0,1,1,1,0.0,0,0,0,0,14.0479,35.3884,5,0,0,0,0,1,4,0,1,1,1,0,7,2,2,13,34,3,2,3
Gedaref,Eastern Sudan,2025-03-01,2025-03,2025,3,23,1,0,0,0,1,0,0,0,1,1,2,1,1,0.0,0,0,0,0,14.243,35.8718,2,0,0,0,0,0,0,2,0,0,0,0,1,1,1,8,0,0,0,1
Gedaref,Eastern Sudan,2025-04-01,2025-04,2025,4,24,0,0,0,0,0,0,0,0,0,0,0,0,0,,,,0,0,,,1,0,0,0,1,0,0,0,1,1,0,0,2,1,1,8,0,0,1,1
Kassala,Eastern Sudan,2023-04-01,2023-04,2023,4,0,1,0,0,0,1,0,0,0,1,1,2,1,1,0.0,0,0,0,0,15.4296,36.4105,0,0,0,0,0,0,0,0,0,0,0,0,0,0,0,0,0,0,0,0
Kassala,Eastern Sudan,2023-05-01,2023-05,2023,5,1,3,0,0,0,0,0,1,2,1,0,3,2,2,0.0,0,0,0,0,15.395366666666668,36.143033333333335,1,0,0,0,1,0,0,0,1,1,0,0,2,1,1,1,0,0,1,0
Kassala,Eastern Sudan,2023-06-01,2023-06,2023,6,2,4,0,0,0,0,0,4,0,2,1,4,2,2,0.0,0,0,0,0,15.602025000000001,36.3549,3,0,0,0,0,0,1,2,1,0,0,0,3,2,2,4,0,0,1,0
Kassala,Eastern Sudan,2023-07-01,2023-07,2023,7,3,4,0,0,0,0,0,3,1,1,0,5,2,2,1.0,1,0,1,0,15.539225,35.919,4,0,0,0,0,0,4,0,2,1,0,0,4,2,2,8,0,0,1,0
Kassala,Eastern Sudan,2023-08-01,2023-08,2023,8,4,8,1,1,1,1,0,6,0,4,1,7,3,3,0.0,0,0,1,1,15.345600000000001,36.31825,4,0,0,0,0,0,3,1,1,0,1,0,5,2,2,11,0,0,0,0
Kassala,Eastern Sudan,2023-09-01,2023-09,2023,9,5,3,0,0,0,1,0,2,0,0,0,3,1,1,1.0,1,0,0,0,15.4296,36.4105,8,1,1,1,1,0,6,0,4,1,1,1,7,3,3,16,1,1,1,0
Kassala,Eastern Sudan,2023-10-01,2023-10,2023,10,6,6,0,1,1,0,0,4,1,2,1,8,2,2,0.0,0,0,1,0,15.4352,36.44035,3,0,0,0,1,0,2,0,0,0,0,0,3,1,1,15,1,1,2,0
Kassala,Eastern Sudan,2023-11-01,2023-11,2023,11,7,3,0,0,0,0,0,2,1,0,0,4,1,1,0.0,0,0,0,0,15.4296,36.4105,6,0,1,1,0,0,4,1,2,1,1,0,8,2,2,17,1,2,2,0
Kassala,Eastern Sudan,2023-12-01,2023-12,2023,12,8,7,0,0,0,1,0,6,0,4,2,7,3,3,0.0,0,0,1,0,15.2795,36.15192857142857,3,0,0,0,0,0,2,1,0,0,0,0,4,1,1,12,0,1,1,0
Kassala,Eastern Sudan,2024-01-01,2024-01,2024,1,9,6,0,0,0,1,0,5,0,2,1,7,2,2,0.0,0,0,1,0,15.412483333333334,36.27676666666667,7,0,0,0,1,0,6,0,4,2,1,0,7,3,3,16,0,1,1,0
Kassala,Eastern Sudan,2024-02-01,2024-02,2024,2,10,1,0,0,0,0,0,1,0,1,0,1,1,1,0.0,0,0,0,0,15.4296,36.4105,6,0,0,0,1,0,5,0,2,1,1,0,7,2,2,16,0,0,2,0
Kassala,Eastern Sudan,2024-03-01,2024-03,2024,3,11,3,0,0,0,1,0,2,0,2,0,4,2,1,0.0,0,0,0,0,15.4433,36.415533333333336,1,0,0,0,0,0,1,0,1,0,0,0,1,1,1,14,0,0,2,0
Kassala,Eastern Sudan,2024-04-01,2024-04,2024,4,12,3,0,0,0,0,0,2,1,2,0,4,1,1,0.0,0,0,0,0,15.4296,36.4105,3,0,0,0,1,0,2,0,2,0,0,0,4,2,1,10,0,0,2,0
Kassala,Eastern Sudan,2024-05-01,2024-05,2024,5,13,0,0,0,0,0,0,0,0,0,0,0,0,0,0.0,0,0,0,0,,,3,0,0,0,0,0,2,1,2,0,0,0,4,1,1,7,0,0,1,0
Kassala,Eastern Sudan,2024-06-01,2024-06,2024,6,14,2,0,0,0,0,0,2,0,1,0,2,2,2,0.0,0,0,0,0,15.7612,36.5394,0,0,0,0,0,0,0,0,0,0,0,0,0,0,0,6,0,0,1,0
Kassala,Eastern Sudan,2024-07-01,2024-07,2024,7,15,4,0,0,0,1,0,3,0,2,0,5,2,2,1.0,1,0,0,0,15.524925,36.34205,2,0,0,0,0,0,2,0,1,0,0,0,2,2,2,5,0,0,0,0
Kassala,Eastern Sudan,2024-08-01,2024-08,2024,8,16,4,1,1,1,0,0,2,1,2,0,4,2,2,0.0,0,0,1,1,15.3111,36.284549999999996,4,0,0,0,1,0,3,0,2,0,0,0,5,2,2,6,0,0,1,0
Kassala,Eastern Sudan,2024-09-01,2024-09,2024,9,17,4,0,0,0,0,0,2,2,0,0,6,2,2,0.0,0,0,1,0,15.403925000000001,36.2099,4,1,1,1,0,0,2,1,2,0,1,1,4,2,2,10,1,1,1,0
Kassala,Eastern Sudan,2024-10-01,2024-10,2024,10,18,5,0,0,0,0,0,5,0,1,0,5,1,1,0.0,0,0,0,0,15.429599999999999,36.4105,4,0,0,0,0,0,2,2,0,0,1,0,6,2,2,12,1,1,1,0
Kassala,Eastern Sudan,2024-11-01,2024-11,2024,11,19,1,0,0,0,0,0,1,0,0,0,1,1,1,0.0,0,0,0,0,15.4296,36.4105,5,0,0,0,0,0,5,0,1,0,0,0,5,1,1,13,1,1,0,0
Kassala,Eastern Sudan,2024-12-01,2024-12,2024,12,20,5,0,0,0,1,0,4,0,3,0,6,2,2,1.0,1,0,2,0,15.40906,36.25002,1,0,0,0,0,0,1,0,0,0,0,0,1,1,1,10,0,0,0,0
Kassala,Eastern Sudan,2025-01-01,2025-01,2025,1,21,7,0,1,1,0,0,4,2,1,0,8,2,2,4.0,1,0,1,0,15.534814285714287,36.397571428571425,5,0,0,0,1,0,4,0,3,0,2,0,6,2,2,11,0,0,1,0
Kassala,Eastern Sudan,2025-02-01,2025-02,2025,2,22,8,1,4,4,1,0,3,0,2,0,7,3,3,0.0,0,0,5,1,15.321100000000001,36.1563125,7,0,1,1,0,0,4,2,1,0,1,0,8,2,2,13,0,1,1,0
Kassala,Eastern Sudan,2025-03-01,2025-03,2025,3,23,2,0,0,0,0,0,2,0,0,0,2,2,2,2.0,1,0,0,0,15.378250000000001,36.009299999999996,8,1,4,4,1,0,3,0,2,0,5,1,7,3,3,20,1,5,2,0
Kassala,Eastern Sudan,2025-04-01,2025-04,2025,4,24,4,3,2,2,0,0,1,1,0,0,6,4,4,,,,3,1,15.218,36.027950000000004,2,0,0,0,0,0,2,0,0,0,0,0,2,2,2,17,1,5,1,0
Khartoum,Khartoum,2023-04-01,2023-04,2023,4,0,247,330,43,27,144,33,40,3,192,204,17,66,7,83.0,1,1,63,81,15.596676113360324,32.539065182186235,0,0,0,0,0,0,0,0,0,0,0,0,0,0,0,0,0,0,0,0
Khartoum,Khartoum,2023-05-01,2023-05,2023,5,1,402,321,83,76,214,16,92,4,246,346,23,74,7,73.0,1,1,157,75,15.600564676616914,32.531485820895526,247,330,43,27,144,33,40,3,192,204,63,81,17,66,7,247,330,43,144,33
Khartoum,Khartoum,2023-06-01,2023-06,2023,6,2,310,543,73,40,171,54,40,5,220,266,21,68,7,84.0,1,1,103,88,15.595184193548386,32.53021193548387,402,321,83,76,214,16,92,4,246,346,157,75,23,74,7,649,651,126,358,49
Khartoum,Khartoum,2023-07-01,2023-07,2023,7,3,410,881,84,70,270,26,40,4,303,374,16,76,7,85.0,1,1,115,109,15.607159268292683,32.52254975609756,310,543,73,40,171,54,40,5,220,266,103,88,21,68,7,959,1194,199,529,103
Khartoum,Khartoum,2023-08-01,2023-08,2023,8,4,545,1666,85,55,348,92,50,0,425,494,18,75,7,101.0,1,1,112,153,15.59653394495413,32.52642,410,881,84,70,270,26,40,4,303,374,115,109,16,76,7,1122,1745,240,655,96
Khartoum,Khartoum,2023-09-01,2023-09,2023,9,5,477,1276,101,45,190,202,40,0,365,411,19,69,7,102.0,1,1,140,134,15.601627672955976,32.529898532494755,545,1666,85,55,348,92,50,0,425,494,112,153,18,75,7,1265,3090,242,789,172
Khartoum,Khartoum,2023-10-01,2023-10,2023,10,6,431,836,102,34,156,216,25,0,308,383,10,80,7,72.0,1,1,115,98,15.607601856148491,32.53522969837587,477,1276,101,45,190,202,40,0,365,411,140,134,19,69,7,1432,3823,270,808,320
Khartoum,Khartoum,2023-11-01,2023-11,2023,11,7,337,463,72,33,129,160,14,1,252,295,8,63,7,44.0,1,1,83,79,15.589037091988132,32.51801246290801,431,836,102,34,156,216,25,0,308,383,115,98,10,80,7,1453,3778,288,694,510
Khartoum,Khartoum,2023-12-01,2023-12,2023,12,8,386,280,44,15,117,229,23,2,314,351,13,70,7,46.0,1,1,56,40,15.605176165803108,32.53279119170985,337,463,72,33,129,160,14,1,252,295,83,79,8,63,7,1245,2575,275,475,578
Khartoum,Khartoum,2024-01-01,2024-01,2024,1,9,482,383,46,26,164,250,42,0,411,436,9,73,7,24.0,1,1,58,60,15.603791078838174,32.53461369294606,386,280,44,15,117,229,23,2,314,351,56,40,13,70,7,1154,1579,218,402,605
Khartoum,Khartoum,2024-02-01,2024-02,2024,2,10,260,293,24,18,139,73,30,0,231,232,14,60,7,22.0,1,1,33,58,15.635156538461539,32.523816153846155,482,383,46,26,164,250,42,0,411,436,58,60,9,73,7,1205,1126,162,410,639
Khartoum,Khartoum,2024-03-01,2024-03,2024,3,11,193,290,22,12,83,65,32,1,152,160,12,57,7,20.0,1,1,39,42,15.63707512953368,32.52028341968912,260,293,24,18,139,73,30,0,231,232,33,58,14,60,7,1128,956,114,420,552
Khartoum,Khartoum,2024-04-01,2024-04,2024,4,12,122,77,20,13,37,63,9,0,97,114,7,49,7,40.0,1,1,23,16,15.607709836065574,32.535954918032786,193,290,22,12,83,65,32,1,152,160,39,42,12,57,7,935,966,92,386,388
Khartoum,Khartoum,2024-05-01,2024-05,2024,5,13,151,192,40,29,38,73,11,0,98,139,8,56,7,36.0,1,1,43,36,15.646529801324505,32.53188874172186,122,77,20,13,37,63,9,0,97,114,23,16,7,49,7,575,660,66,259,201
Khartoum,Khartoum,2024-06-01,2024-06,2024,6,14,168,212,36,22,45,89,12,0,116,151,9,58,7,22.0,1,1,38,32,15.61513988095238,32.54363333333333,151,192,40,29,38,73,11,0,98,139,43,36,8,56,7,466,559,82,158,201
Khartoum,Khartoum,2024-07-01,2024-07,2024,7,15,113,250,22,13,54,36,10,0,80,101,5,48,7,65.0,1,1,26,29,15.611094690265487,32.530826548672565,168,212,36,22,45,89,12,0,116,151,38,32,9,58,7,441,481,96,120,225
Khartoum,Khartoum,2024-08-01,2024-08,2024,8,16,222,168,65,21,40,148,12,1,109,205,8,72,7,67.0,1,1,75,50,15.651315765765766,32.52297207207207,113,250,22,13,54,36,10,0,80,101,26,29,5,48,7,432,654,98,137,198
Khartoum,Khartoum,2024-09-01,2024-09,2024,9,17,335,516,67,27,113,172,23,0,258,315,6,84,7,38.0,1,1,83,101,15.626099402985075,32.54476208955224,222,168,65,21,40,148,12,1,109,205,75,50,8,72,7,503,630,123,139,273
Khartoum,Khartoum,2024-10-01,2024-10,2024,10,18,257,190,38,18,84,133,22,0,192,229,6,67,7,47.0,1,1,47,38,15.613638521400778,32.53711517509728,335,516,67,27,113,172,23,0,258,315,83,101,6,84,7,670,934,154,207,356
Khartoum,Khartoum,2024-11-01,2024-11,2024,11,19,161,164,47,24,33,85,19,0,97,134,5,53,7,44.0,1,1,58,32,15.604655900621118,32.56190807453416,257,190,38,18,84,133,22,0,192,229,47,38,6,67,7,814,874,170,237,453
Khartoum,Khartoum,2024-12-01,2024-12,2024,12,20,151,382,44,13,37,83,18,0,100,127,7,44,7,44.0,1,1,52,42,15.630629139072846,32.53361125827815,161,164,47,24,33,85,19,0,97,134,58,32,5,53,7,753,870,152,230,390
Khartoum,Khartoum,2025-01-01,2025-01,2025,1,21,201,338,44,23,43,75,60,0,139,174,10,76,7,59.0,1,1,54,57,15.634664179104478,32.5744592039801,151,382,44,13,37,83,18,0,100,127,52,42,7,44,7,569,736,129,154,301
Khartoum,Khartoum,2025-02-01,2025-02,2025,2,22,192,287,59,51,72,33,36,0,104,177,8,66,7,53.0,1,1,68,54,15.567700520833334,32.58151927083333,201,338,44,23,43,75,60,0,139,174,54,57,10,76,7,513,884,135,113,243
Khartoum,Khartoum,2025-03-01,2025-03,2025,3,23,212,580,53,34,60,49,69,0,126,192,14,60,7,27.0,1,1,76,58,15.562687735849057,32.53487264150944,192,287,59,51,72,33,36,0,104,177,68,54,8,66,7,544,1007,147,152,191
Khartoum,Khartoum,2025-04-01,2025-04,2025,4,24,73,262,27,22,24,10,15,2,37,60,12,27,5,,,,34,34,15.512497260273973,32.449136986301376,212,580,53,34,60,49,69,0,126,192,76,58,14,60,7,605,1205,156,175,157
North Darfur,Darfur,2023-04-01,2023-04,2023,4,0,36,96,2,2,21,0,9,4,23,21,11,7,4,8.0,1,0,8,16,13.618211111111112,25.173225,0,0,0,0,0,0,0,0,0,0,0,0,0,0,0,0,0,0,0,0
North Darfur,Darfur,2023-05-01,2023-05,2023,5,1,36,27,8,8,15,0,11,2,15,18,11,7,6,8.0,1,0,16,9,13.646225,25.315244444444446,36,96,2,2,21,0,9,4,23,21,8,16,11,7,4,36,96,2,21,0
North Darfur,Darfur,2023-06-01,2023-06,2023,6,2,35,220,8,8,15,0,10,2,17,21,9,8,4,7.0,1,0,14,17,13.721051428571428,25.208277142857142,36,27,8,8,15,0,11,2,15,18,16,9,11,7,6,72,123,10,36,0
North Darfur,Darfur,2023-07-01,2023-07,2023,7,3,25,17,7,6,6,1,12,0,8,11,9,7,5,4.0,1,0,16,5,13.697392,25.096828000000002,35,220,8,8,15,0,10,2,17,21,14,17,9,8,4,107,343,18,51,0
North Darfur,Darfur,2023-08-01,2023-08,2023,8,4,31,120,4,4,9,2,15,1,9,13,15,12,7,12.0,1,1,15,6,13.83946129032258,25.3687,25,17,7,6,6,1,12,0,8,11,16,5,9,7,5,96,264,23,36,1
North Darfur,Darfur,2023-09-01,2023-09,2023,9,5,32,54,12,12,6,1,13,0,12,13,9,14,8,0.0,0,0,17,10,13.68713125,25.295340624999998,31,120,4,4,9,2,15,1,9,13,15,6,15,12,7,91,357,19,30,3
North Darfur,Darfur,2023-10-01,2023-10,2023,10,6,10,21,0,0,2,0,7,1,5,3,6,5,4,9.0,1,1,2,2,13.53664,25.5156,32,54,12,12,6,1,13,0,12,13,17,10,9,14,8,88,191,23,21,4
North Darfur,Darfur,2023-11-01,2023-11,2023,11,7,42,38,9,7,11,6,18,0,14,23,17,10,6,3.0,1,0,11,15,13.616695238095238,25.473211904761904,10,21,0,0,2,0,7,1,5,3,2,2,6,5,4,73,195,16,17,3
North Darfur,Darfur,2023-12-01,2023-12,2023,12,8,16,7,3,3,4,0,9,0,7,8,9,9,6,2.0,1,0,4,3,13.7241875,25.37930625,42,38,9,7,11,6,18,0,14,23,11,15,17,10,6,84,113,21,19,7
North Darfur,Darfur,2024-01-01,2024-01,2024,1,9,17,35,2,0,7,3,7,0,8,9,11,6,4,3.0,1,0,4,5,13.822911764705882,25.42064705882353,16,7,3,3,4,0,9,0,7,8,4,3,9,9,6,68,66,12,17,6
North Darfur,Darfur,2024-02-01,2024-02,2024,2,10,32,89,3,3,17,4,8,0,21,26,14,6,6,7.0,1,0,6,13,13.8509625,25.464287499999998,17,35,2,0,7,3,7,0,8,9,4,5,11,6,4,75,80,14,22,9
North Darfur,Darfur,2024-03-01,2024-03,2024,3,11,40,57,7,4,17,9,10,0,22,25,11,13,6,50.0,1,1,9,14,13.84023,25.3297675,32,89,3,3,17,4,8,0,21,26,6,13,14,6,6,65,131,8,28,7
North Darfur,Darfur,2024-04-01,2024-04,2024,4,12,141,268,50,45,51,22,22,1,59,88,22,36,7,23.0,1,1,59,54,13.782149645390072,25.12803333333333,40,57,7,4,17,9,10,0,22,25,9,14,11,13,6,89,181,12,41,16
North Darfur,Darfur,2024-05-01,2024-05,2024,5,13,85,386,23,17,37,22,9,0,56,60,13,17,8,30.0,1,1,30,41,13.677297647058825,25.283931764705883,141,268,50,45,51,22,22,1,59,88,59,54,22,36,7,213,414,60,85,35
North Darfur,Darfur,2024-06-01,2024-06,2024,6,14,91,751,30,19,50,18,4,0,59,71,11,23,10,10.0,1,1,31,59,13.88160989010989,25.066773626373624,85,386,23,17,37,22,9,0,56,60,30,41,13,17,8,266,711,80,105,53
North Darfur,Darfur,2024-07-01,2024-07,2024,7,15,72,216,10,10,41,4,17,0,35,54,14,22,7,26.0,1,1,21,37,13.83815,25.149388888888886,91,751,30,19,50,18,4,0,59,71,31,59,11,23,10,317,1405,103,138,62
North Darfur,Darfur,2024-08-01,2024-08,2024,8,16,104,391,26,19,33,38,14,0,64,79,10,21,11,21.0,1,1,36,38,13.765189423076922,25.273966346153845,72,216,10,10,41,4,17,0,35,54,21,37,14,22,7,248,1353,63,128,44
North Darfur,Darfur,2024-09-01,2024-09,2024,9,17,99,860,21,13,30,27,28,1,52,75,14,26,12,92.0,1,1,37,40,13.716230303030303,25.083958585858586,104,391,26,19,33,38,14,0,64,79,36,38,10,21,11,267,1358,66,124,60
North Darfur,Darfur,2024-10-01,2024-10,2024,10,18,172,1183,92,76,50,26,20,0,56,131,11,70,11,60.0,1,1,102,84,14.014411627906975,25.065890116279068,99,860,21,13,30,27,28,1,52,75,37,40,14,26,12,275,1467,57,104,69
North Darfur,Darfur,2024-11-01,2024-11,2024,11,19,142,831,60,29,39,56,18,0,78,95,13,32,12,61.0,1,1,71,75,13.902112676056337,25.166911971830988,172,1183,92,76,50,26,20,0,56,131,102,84,11,70,11,375,2434,139,113,91
North Darfur,Darfur,2024-12-01,2024-12,2024,12,20,155,1309,61,25,56,48,24,2,78,110,20,42,12,54.0,1,1,71,104,13.984647741935483,25.237627096774194,142,831,60,29,39,56,18,0,78,95,71,75,13,32,12,413,2874,173,119,109
North Darfur,Darfur,2025-01-01,2025-01,2025,1,21,148,1490,54,23,58,50,17,0,79,124,12,39,12,34.0,1,1,64,81,13.789862162162162,25.399618243243243,155,1309,61,25,56,48,24,2,78,110,71,104,20,42,12,469,3323,213,145,130
North Darfur,Darfur,2025-02-01,2025-02,2025,2,22,108,719,34,24,36,28,16,4,64,84,9,35,12,48.0,1,1,42,53,13.622502777777777,25.226210185185185,148,1490,54,23,58,50,17,0,79,124,64,81,12,39,12,445,3630,175,153,154
North Darfur,Darfur,2025-03-01,2025-03,2025,3,23,124,952,48,26,40,46,12,0,61,103,9,39,8,29.0,1,1,55,71,13.78930564516129,25.46601612903226,108,719,34,24,36,28,16,4,64,84,42,53,9,35,12,411,3518,149,150,126
North Darfur,Darfur,2025-04-01,2025-04,2025,4,24,81,1092,29,8,32,27,12,2,35,69,13,23,9,,,,34,56,13.849374074074072,25.511282716049383,124,952,48,26,40,46,12,0,61,103,55,71,9,39,8,380,3161,136,134,124
North Kordofan,Kordofan,2023-04-01,2023-04,2023,4,0,15,82,0,0,11,1,2,1,13,12,5,2,2,2.0,1,0,1,8,13.316953333333334,30.32801333333333,0,0,0,0,0,0,0,0,0,0,0,0,0,0,0,0,0,0,0,0
North Kordofan,Kordofan,2023-05-01,2023-05,2023,5,1,21,36,2,1,13,1,5,1,13,14,8,6,4,6.0,1,0,5,6,13.107738095238094,30.380523809523808,15,82,0,0,11,1,2,1,13,12,1,8,5,2,2,15,82,0,11,1
North Kordofan,Kordofan,2023-06-01,2023-06,2023,6,2,25,271,6,3,13,2,6,1,13,18,7,4,3,7.0,1,0,11,11,13.163980000000002,30.261996,21,36,2,1,13,1,5,1,13,14,5,6,8,6,4,36,118,2,24,2
North Kordofan,Kordofan,2023-07-01,2023-07,2023,7,3,31,86,7,7,16,0,6,2,11,25,9,6,5,9.0,1,1,11,14,13.5229,30.620790322580646,25,271,6,3,13,2,6,1,13,18,11,11,7,4,3,61,389,8,37,4
North Kordofan,Kordofan,2023-08-01,2023-08,2023,8,4,32,83,9,7,12,5,8,0,18,25,8,7,5,10.0,1,1,12,12,13.322753125,30.223290625,31,86,7,7,16,0,6,2,11,25,11,14,9,6,5,77,393,15,42,3
North Kordofan,Kordofan,2023-09-01,2023-09,2023,9,5,23,62,10,10,6,1,5,1,8,16,7,11,6,7.0,1,0,14,12,13.267565217391304,30.6722,32,83,9,7,12,5,8,0,18,25,12,12,8,7,5,88,440,22,41,7
North Kordofan,Kordofan,2023-10-01,2023-10,2023,10,6,21,55,7,5,7,4,5,0,12,16,7,6,3,8.0,1,0,7,11,13.224123809523812,30.341238095238094,23,62,10,10,6,1,5,1,8,16,14,12,7,11,6,86,231,26,34,6
North Kordofan,Kordofan,2023-11-01,2023-11,2023,11,7,29,51,8,5,4,11,8,1,20,16,6,9,5,15.0,1,1,9,9,13.288158620689655,30.24663448275862,21,55,7,5,7,4,5,0,12,16,7,11,7,6,3,76,200,26,25,10
North Kordofan,Kordofan,2023-12-01,2023-12,2023,12,8,36,81,15,9,13,9,5,0,16,24,10,12,7,5.0,1,0,16,20,13.44583888888889,30.229416666666665,29,51,8,5,4,11,8,1,20,16,9,9,6,9,5,73,168,25,17,16
North Kordofan,Kordofan,2024-01-01,2024-01,2024,1,9,19,54,5,5,5,1,8,0,8,13,7,6,6,9.0,1,1,9,6,13.176426315789474,30.397805263157895,36,81,15,9,13,9,5,0,16,24,16,20,10,12,7,86,187,30,24,24
North Kordofan,Kordofan,2024-02-01,2024-02,2024,2,10,18,62,9,6,6,4,1,1,10,14,5,7,5,8.0,1,0,9,12,13.151927777777779,30.57290555555555,19,54,5,5,5,1,8,0,8,13,9,6,7,6,6,84,186,28,22,21
North Kordofan,Kordofan,2024-03-01,2024-03,2024,3,11,23,73,8,8,8,1,6,0,9,15,9,12,6,13.0,1,1,10,9,13.226126086956521,30.523121739130435,18,62,9,6,6,4,1,1,10,14,9,12,5,7,5,73,197,29,24,14
North Kordofan,Kordofan,2024-04-01,2024-04,2024,4,12,35,145,13,12,13,2,8,0,20,29,8,9,5,19.0,1,1,17,19,13.131382857142858,30.455154285714286,23,73,8,8,8,1,6,0,9,15,10,9,9,12,6,60,189,22,19,6
North Kordofan,Kordofan,2024-05-01,2024-05,2024,5,13,46,127,19,17,14,8,7,0,19,38,6,18,5,5.0,1,0,27,22,12.98796304347826,30.66989130434783,35,145,13,12,13,2,8,0,20,29,17,19,8,9,5,76,280,30,27,7
North Kordofan,Kordofan,2024-06-01,2024-06,2024,6,14,12,28,5,5,3,1,3,0,1,6,7,8,5,4.0,1,0,8,7,13.087608333333334,30.705558333333332,46,127,19,17,14,8,7,0,19,38,27,22,6,18,5,104,345,40,35,11
North Kordofan,Kordofan,2024-07-01,2024-07,2024,7,15,10,35,4,4,4,2,0,0,5,8,5,7,4,6.0,1,0,5,6,13.098769999999998,30.58598,12,28,5,5,3,1,3,0,1,6,8,7,7,8,5,93,300,37,30,11
North Kordofan,Kordofan,2024-08-01,2024-08,2024,8,16,13,34,6,4,4,3,2,0,4,11,5,8,6,4.0,1,0,8,6,13.479284615384616,30.686576923076924,10,35,4,4,4,2,0,0,5,8,5,6,5,7,4,68,190,28,21,11
North Kordofan,Kordofan,2024-09-01,2024-09,2024,9,17,23,46,4,3,9,7,4,0,12,20,5,9,4,6.0,1,0,5,11,13.236578260869566,30.51616086956522,13,34,6,4,4,3,2,0,4,11,8,6,5,8,6,35,97,15,11,6
North Kordofan,Kordofan,2024-10-01,2024-10,2024,10,18,14,78,6,5,2,4,3,0,6,11,5,8,4,2.0,1,0,6,8,13.553164285714287,29.703292857142856,23,46,4,3,9,7,4,0,12,20,5,11,5,9,4,46,115,14,17,12
North Kordofan,Kordofan,2024-11-01,2024-11,2024,11,19,7,2,2,2,1,1,3,0,2,2,7,5,5,6.0,1,0,2,2,13.395071428571429,30.26797142857143,14,78,6,5,2,4,3,0,6,11,6,8,5,8,4,50,158,16,15,14
North Kordofan,Kordofan,2024-12-01,2024-12,2024,12,20,28,93,6,3,8,11,6,0,17,17,7,12,5,3.0,1,0,11,12,13.249414285714286,30.67250357142857,7,2,2,2,1,1,3,0,2,2,2,2,7,5,5,44,126,12,12,12
North Kordofan,Kordofan,2025-01-01,2025-01,2025,1,21,19,20,3,3,12,1,2,1,16,17,5,9,4,21.0,1,1,3,2,13.049163157894737,30.91475263157895,28,93,6,3,8,11,6,0,17,17,11,12,7,12,5,49,173,14,11,16
North Kordofan,Kordofan,2025-02-01,2025-02,2025,2,22,67,223,21,15,21,18,13,0,39,58,6,25,7,32.0,1,1,29,24,13.078188059701493,30.500737313432833,19,20,3,3,12,1,2,1,16,17,3,2,5,9,4,54,115,11,21,13
North Kordofan,Kordofan,2025-03-01,2025-03,2025,3,23,70,215,32,21,8,28,13,0,27,65,7,22,7,10.0,1,1,37,21,13.278264285714286,30.201654285714287,67,223,21,15,21,18,13,0,39,58,29,24,6,25,7,114,336,30,41,30
North Kordofan,Kordofan,2025-04-01,2025-04,2025,4,24,41,199,10,7,12,17,5,0,27,39,5,18,4,,,,11,19,13.31770243902439,30.41838536585366,70,215,32,21,8,28,13,0,27,65,37,21,7,22,7,156,458,56,41,47
Northern,Northern/Nile,2023-04-01,2023-04,2023,4,0,12,44,0,0,9,0,3,0,11,12,4,4,4,0.0,0,0,0,2,18.817133333333334,30.76975,0,0,0,0,0,0,0,0,0,0,0,0,0,0,0,0,0,0,0,0
Northern,Northern/Nile,2023-05-01,2023-05,2023,5,1,1,0,0,0,0,0,0,1,0,0,1,1,1,0.0,0,0,0,0,19.5791,30.4926,12,44,0,0,9,0,3,0,11,12,0,2,4,4,4,12,44,0,9,0
Northern,Northern/Nile,2023-06-01,2023-06,2023,6,2,3,0,0,0,0,2,1,0,3,2,4,2,2,1.0,1,0,1,0,20.8161,27.306,1,0,0,0,0,0,0,1,0,0,0,0,1,1,1,13,44,0,9,0
Northern,Northern/Nile,2023-07-01,2023-07,2023,7,3,7,0,1,1,0,0,4,2,5,0,4,6,4,0.0,0,0,2,0,18.662857142857142,30.96232857142857,3,0,0,0,0,2,1,0,3,2,1,0,4,2,2,16,44,0,9,2
Northern,Northern/Nile,2023-08-01,2023-08,2023,8,4,4,0,0,0,0,0,4,0,4,0,2,4,2,0.0,0,0,0,0,18.3564,31.588925,7,0,1,1,0,0,4,2,5,0,2,0,4,6,4,11,0,1,0,2
Northern,Northern/Nile,2023-09-01,2023-09,2023,9,5,4,0,0,0,0,0,3,1,1,2,4,3,3,0.0,0,0,0,0,19.65675,31.033625,4,0,0,0,0,0,4,0,4,0,0,0,2,4,2,14,0,1,0,2
Northern,Northern/Nile,2023-10-01,2023-10,2023,10,6,3,1,0,0,1,0,1,1,1,1,5,3,3,0.0,0,0,1,1,19.88253333333333,31.1467,4,0,0,0,0,0,3,1,1,2,0,0,4,3,3,15,0,1,0,0
Northern,Northern/Nile,2023-11-01,2023-11,2023,11,7,3,0,0,0,1,0,2,0,2,1,3,3,3,0.0,0,0,0,0,18.566633333333332,31.079633333333334,3,1,0,0,1,0,1,1,1,1,1,1,5,3,3,11,1,0,1,0
Northern,Northern/Nile,2023-12-01,2023-12,2023,12,8,8,0,0,0,1,0,5,2,3,3,6,3,3,1.0,1,0,0,0,19.3685125,30.6458875,3,0,0,0,1,0,2,0,2,1,0,0,3,3,3,10,1,0,2,0
Northern,Northern/Nile,2024-01-01,2024-01,2024,1,9,4,0,1,1,0,0,3,0,1,0,6,2,2,0.0,0,0,1,0,19.004575,30.809375,8,0,0,0,1,0,5,2,3,3,0,0,6,3,3,14,1,0,3,0
Northern,Northern/Nile,2024-02-01,2024-02,2024,2,10,1,0,0,0,0,0,1,0,1,0,1,1,1,0.0,0,0,0,0,20.1228,30.5614,4,0,1,1,0,0,3,0,1,0,1,0,6,2,2,15,0,1,2,0
Northern,Northern/Nile,2024-03-01,2024-03,2024,3,11,4,0,0,0,0,0,4,0,4,0,1,4,3,0.0,0,0,0,0,18.66625,31.137725,1,0,0,0,0,0,1,0,1,0,0,0,1,1,1,13,0,1,1,0
Northern,Northern/Nile,2024-04-01,2024-04,2024,4,12,6,0,0,0,1,0,4,1,5,3,5,4,3,1.0,1,0,0,0,18.94158333333333,31.11375,4,0,0,0,0,0,4,0,4,0,0,0,1,4,3,9,0,1,0,0
Northern,Northern/Nile,2024-05-01,2024-05,2024,5,13,8,0,1,0,0,1,5,2,4,1,6,5,5,1.0,1,0,1,0,18.9532,31.0856375,6,0,0,0,1,0,4,1,5,3,0,0,5,4,3,11,0,0,1,0
Northern,Northern/Nile,2024-06-01,2024-06,2024,6,14,5,1,1,1,0,0,4,0,4,1,5,4,3,0.0,0,0,1,1,19.80234,30.724059999999998,8,0,1,0,0,1,5,2,4,1,1,0,6,5,5,18,0,1,1,1
Northern,Northern/Nile,2024-07-01,2024-07,2024,7,15,2,0,0,0,0,0,2,0,1,0,2,2,2,1.0,1,0,0,0,18.6652,30.6497,5,1,1,1,0,0,4,0,4,1,1,1,5,4,3,19,1,2,1,1
Northern,Northern/Nile,2024-08-01,2024-08,2024,8,16,4,0,1,1,0,0,2,1,2,0,4,4,3,0.0,0,0,1,0,20.295625,29.637775,2,0,0,0,0,0,2,0,1,0,0,0,2,2,2,15,1,2,0,1
Northern,Northern/Nile,2024-09-01,2024-09,2024,9,17,2,0,0,0,0,0,2,0,1,1,4,2,2,1.0,1,0,1,0,18.57745,30.86125,4,0,1,1,0,0,2,1,2,0,1,0,4,4,3,11,1,2,0,0
Northern,Northern/Nile,2024-10-01,2024-10,2024,10,18,10,0,1,1,1,0,8,0,4,1,9,4,3,1.0,1,0,1,0,19.66154,30.158679999999997,2,0,0,0,0,0,2,0,1,1,1,0,4,2,2,8,0,1,0,0
Northern,Northern/Nile,2024-11-01,2024-11,2024,11,19,8,0,1,1,0,0,7,0,4,1,7,6,4,1.0,1,0,2,0,20.1825,29.4422875,10,0,1,1,1,0,8,0,4,1,1,0,9,4,3,16,0,2,1,0
Northern,Northern/Nile,2024-12-01,2024-12,2024,12,20,8,5,1,1,1,0,5,1,5,2,6,4,4,1.0,1,0,2,1,18.99515,30.93235,8,0,1,1,0,0,7,0,4,1,2,0,7,6,4,20,0,2,1,0
Northern,Northern/Nile,2025-01-01,2025-01,2025,1,21,12,0,1,1,6,0,5,0,9,9,6,4,3,1.0,1,0,2,0,20.565641666666664,28.284516666666665,8,5,1,1,1,0,5,1,5,2,2,1,6,4,4,26,5,3,2,0
Northern,Northern/Nile,2025-02-01,2025-02,2025,2,22,7,1,1,1,2,0,4,0,6,6,4,3,3,0.0,0,0,1,1,18.62107142857143,31.234885714285713,12,0,1,1,6,0,5,0,9,9,2,0,6,4,3,28,5,3,7,0
Northern,Northern/Nile,2025-03-01,2025-03,2025,3,23,10,0,0,0,1,2,7,0,7,6,6,3,3,3.0,1,0,0,0,18.66996,31.105559999999997,7,1,1,1,2,0,4,0,6,6,1,1,4,3,3,27,6,3,9,0
Northern,Northern/Nile,2025-04-01,2025-04,2025,4,24,11,9,3,1,4,5,1,0,4,9,5,5,4,,,,3,2,18.895463636363637,31.25420909090909,10,0,0,0,1,2,7,0,7,6,0,0,6,3,3,29,1,2,9,2
Red Sea,Eastern Sudan,2023-04-01,2023-04,2023,4,0,7,1,2,2,4,0,1,0,6,6,4,1,1,0.0,0,0,2,1,19.6148,37.222500000000004,0,0,0,0,0,0,0,0,0,0,0,0,0,0,0,0,0,0,0,0
Red Sea,Eastern Sudan,2023-05-01,2023-05,2023,5,1,5,0,0,0,0,0,3,2,2,0,5,1,1,0.0,0,0,1,0,19.6148,37.2225,7,1,2,2,4,0,1,0,6,6,2,1,4,1,1,7,1,2,4,0
Red Sea,Eastern Sudan,2023-06-01,2023-06,2023,6,2,2,0,0,0,0,0,0,2,0,0,1,1,1,0.0,0,0,0,0,19.6148,37.2225,5,0,0,0,0,0,3,2,2,0,1,0,5,1,1,12,1,2,4,0
Red Sea,Eastern Sudan,2023-07-01,2023-07,2023,7,3,3,0,0,0,0,0,2,1,2,1,4,1,1,0.0,0,0,0,0,19.6148,37.2225,2,0,0,0,0,0,0,2,0,0,0,0,1,1,1,14,1,2,4,0
Red Sea,Eastern Sudan,2023-08-01,2023-08,2023,8,4,4,0,0,0,0,0,3,1,2,0,4,1,1,0.0,0,0,0,0,19.6148,37.2225,3,0,0,0,0,0,2,1,2,1,0,0,4,1,1,10,0,0,0,0
Red Sea,Eastern Sudan,2023-09-01,2023-09,2023,9,5,5,0,0,0,1,0,2,2,3,0,5,2,2,0.0,0,0,2,0,19.35858,37.05329999999999,4,0,0,0,0,0,3,1,2,0,0,0,4,1,1,9,0,0,0,0
Red Sea,Eastern Sudan,2023-10-01,2023-10,2023,10,6,1,0,0,0,0,0,1,0,0,0,2,1,1,1.0,1,0,0,0,19.6148,37.2225,5,0,0,0,1,0,2,2,3,0,2,0,5,2,2,12,0,0,1,0
Red Sea,Eastern Sudan,2023-11-01,2023-11,2023,11,7,9,0,1,1,0,0,6,2,2,0,10,2,2,1.0,1,0,2,0,19.558166666666665,37.234655555555555,1,0,0,0,0,0,1,0,0,0,0,0,2,1,1,10,0,0,1,0
Red Sea,Eastern Sudan,2023-12-01,2023-12,2023,12,8,7,0,1,1,0,0,3,3,2,1,6,2,2,0.0,0,0,2,0,19.541985714285715,37.23812857142857,9,0,1,1,0,0,6,2,2,0,2,0,10,2,2,15,0,1,1,0
Red Sea,Eastern Sudan,2024-01-01,2024-01,2024,1,9,7,0,0,0,0,0,6,1,4,0,5,2,2,1.0,1,0,0,0,19.431785714285713,37.101642857142856,7,0,1,1,0,0,3,3,2,1,2,0,6,2,2,17,0,2,0,0
Red Sea,Eastern Sudan,2024-02-01,2024-02,2024,2,10,7,0,1,1,0,0,4,2,1,2,6,1,1,0.0,0,0,1,0,19.6148,37.222500000000004,7,0,0,0,0,0,6,1,4,0,0,0,5,2,2,23,0,2,0,0
Red Sea,Eastern Sudan,2024-03-01,2024-03,2024,3,11,5,0,0,0,0,0,4,1,0,0,7,1,1,1.0,1,0,0,0,19.6148,37.2225,7,0,1,1,0,0,4,2,1,2,1,0,6,1,1,21,0,2,0,0
Red Sea,Eastern Sudan,2024-04-01,2024-04,2024,4,12,5,0,1,1,0,0,4,0,1,0,6,1,1,0.0,0,0,2,0,19.6148,37.2225,5,0,0,0,0,0,4,1,0,0,0,0,7,1,1,19,0,1,0,0
Red Sea,Eastern Sudan,2024-05-01,2024-05,2024,5,13,4,0,0,0,0,0,1,3,0,0,2,3,3,0.0,0,0,0,0,19.167099999999998,37.038349999999994,5,0,1,1,0,0,4,0,1,0,2,0,6,1,1,17,0,2,0,0
Red Sea,Eastern Sudan,2024-06-01,2024-06,2024,6,14,9,0,0,0,0,0,7,2,3,0,6,1,1,0.0,0,0,2,0,19.6148,37.2225,4,0,0,0,0,0,1,3,0,0,0,0,2,3,3,14,0,1,0,0
Red Sea,Eastern Sudan,2024-07-01,2024-07,2024,7,15,3,6,0,0,1,0,2,0,2,1,4,2,2,0.0,0,0,0,1,20.095066666666664,36.921033333333334,9,0,0,0,0,0,7,2,3,0,2,0,6,1,1,18,0,1,0,0
Red Sea,Eastern Sudan,2024-08-01,2024-08,2024,8,16,5,0,0,0,0,0,4,1,4,0,5,1,1,0.0,0,0,0,0,19.6148,37.2225,3,6,0,0,1,0,2,0,2,1,0,1,4,2,2,16,6,0,1,0
Red Sea,Eastern Sudan,2024-09-01,2024-09,2024,9,17,8,0,0,0,0,0,7,1,6,0,8,1,1,0.0,0,0,0,0,19.6148,37.2225,5,0,0,0,0,0,4,1,4,0,0,0,5,1,1,17,6,0,1,0
Red Sea,Eastern Sudan,2024-10-01,2024-10,2024,10,18,8,0,0,0,0,0,6,2,5,3,7,3,3,0.0,0,0,0,0,19.0751375,37.0818,8,0,0,0,0,0,7,1,6,0,0,0,8,1,1,16,6,0,1,0
Red Sea,Eastern Sudan,2024-11-01,2024-11,2024,11,19,16,0,0,0,0,0,15,1,5,1,11,2,2,2.0,1,0,7,0,19.58294375,37.2293375,8,0,0,0,0,0,6,2,5,3,0,0,7,3,3,21,0,0,0,0
Red Sea,Eastern Sudan,2024-12-01,2024-12,2024,12,20,11,0,2,2,1,0,5,3,3,0,9,2,2,0.0,0,0,4,0,19.568463636363635,37.232445454545456,16,0,0,0,0,0,15,1,5,1,7,0,11,2,2,32,0,0,0,0
Red Sea,Eastern Sudan,2025-01-01,2025-01,2025,1,21,11,0,0,0,0,0,7,4,3,2,7,3,3,0.0,0,0,3,0,19.414272727272728,37.288472727272726,11,0,2,2,1,0,5,3,3,0,4,0,9,2,2,35,0,2,1,0
Red Sea,Eastern Sudan,2025-02-01,2025-02,2025,2,22,14,0,0,0,0,1,9,4,4,1,12,2,2,0.0,0,0,1,0,19.530057142857142,37.25870714285714,11,0,0,0,0,0,7,4,3,2,3,0,7,3,3,38,0,2,1,0
Red Sea,Eastern Sudan,2025-03-01,2025-03,2025,3,23,11,0,0,0,0,0,11,0,3,1,9,1,1,0.0,0,0,4,0,19.6148,37.2225,14,0,0,0,0,1,9,4,4,1,1,0,12,2,2,36,0,2,1,1
Red Sea,Eastern Sudan,2025-04-01,2025-04,2025,4,24,4,0,0,0,0,0,2,2,1,1,5,1,1,,,,0,0,19.6148,37.2225,11,0,0,0,0,0,11,0,3,1,4,0,9,1,1,36,0,0,0,1
River Nile,Northern/Nile,2023-04-01,2023-04,2023,4,0,5,1,0,0,2,1,0,2,4,3,6,5,4,0.0,0,0,0,1,17.64578,33.59904,0,0,0,0,0,0,0,0,0,0,0,0,0,0,0,0,0,0,0,0
River Nile,Northern/Nile,2023-05-01,2023-05,2023,5,1,3,0,0,0,0,0,1,2,0,0,2,3,2,0.0,0,0,0,0,16.994633333333333,33.61593333333334,5,1,0,0,2,1,0,2,4,3,0,1,6,5,4,5,1,0,2,1
River Nile,Northern/Nile,2023-06-01,2023-06,2023,6,2,1,0,0,0,0,0,1,0,1,0,1,1,1,2.0,1,0,0,0,17.5821,33.9605,3,0,0,0,0,0,1,2,0,0,0,0,2,3,2,8,1,0,2,1
River Nile,Northern/Nile,2023-07-01,2023-07,2023,7,3,7,2,2,2,1,0,3,1,5,1,6,6,5,2.0,1,0,3,1,17.97022857142857,33.56172857142857,1,0,0,0,0,0,1,0,1,0,0,0,1,1,1,9,1,0,2,1
River Nile,Northern/Nile,2023-08-01,2023-08,2023,8,4,7,0,2,2,0,0,4,1,4,0,6,5,5,1.0,1,0,3,0,17.892485714285716,33.798585714285714,7,2,2,2,1,0,3,1,5,1,3,1,6,6,5,11,2,2,1,0
River Nile,Northern/Nile,2023-09-01,2023-09,2023,9,5,1,0,1,1,0,0,0,0,0,0,2,1,1,0.0,0,0,1,0,17.5821,33.9605,7,0,2,2,0,0,4,1,4,0,3,0,6,5,5,15,2,4,1,0
River Nile,Northern/Nile,2023-10-01,2023-10,2023,10,6,4,0,0,0,0,1,2,1,2,1,5,3,3,0.0,0,0,0,0,17.0866,33.557675,1,0,1,1,0,0,0,0,0,0,1,0,2,1,1,15,2,5,1,0
River Nile,Northern/Nile,2023-11-01,2023-11,2023,11,7,4,0,0,0,0,0,4,0,3,1,4,3,3,0.0,0,0,0,0,17.956475,33.748575,4,0,0,0,0,1,2,1,2,1,0,0,5,3,3,12,0,3,0,1
River Nile,Northern/Nile,2023-12-01,2023-12,2023,12,8,15,16,0,0,4,1,7,3,7,7,7,4,3,3.0,1,0,0,2,17.096313333333335,33.82479333333333,4,0,0,0,0,0,4,0,3,1,0,0,4,3,3,9,0,1,0,1
River Nile,Northern/Nile,2024-01-01,2024-01,2024,1,9,12,29,3,1,1,3,6,1,5,4,10,4,4,2.0,1,0,4,4,17.229716666666665,33.662125,15,16,0,0,4,1,7,3,7,7,0,2,7,4,3,23,16,0,4,2
River Nile,Northern/Nile,2024-02-01,2024-02,2024,2,10,2,0,2,2,0,0,0,0,2,0,2,2,2,0.0,0,0,2,0,17.92445,33.98535,12,29,3,1,1,3,6,1,5,4,4,4,10,4,4,31,45,3,5,4
River Nile,Northern/Nile,2024-03-01,2024-03,2024,3,11,0,0,0,0,0,0,0,0,0,0,0,0,0,0.0,0,0,0,0,,,2,0,2,2,0,0,0,0,2,0,2,0,2,2,2,29,45,5,5,4
River Nile,Northern/Nile,2024-04-01,2024-04,2024,4,12,9,12,0,0,1,1,6,1,4,2,8,5,4,1.0,1,0,2,1,17.38412222222222,33.83908888888889,0,0,0,0,0,0,0,0,0,0,0,0,0,0,0,14,29,5,1,3
River Nile,Northern/Nile,2024-05-01,2024-05,2024,5,13,4,5,1,1,1,0,2,0,2,1,5,3,2,1.0,1,0,1,1,16.89545,33.461475,9,12,0,0,1,1,6,1,4,2,2,1,8,5,4,11,12,2,1,1
River Nile,Northern/Nile,2024-06-01,2024-06,2024,6,14,10,3,1,0,4,1,5,0,8,6,6,4,2,3.0,1,0,3,1,17.11045,33.44803,4,5,1,1,1,0,2,0,2,1,1,1,5,3,2,13,17,1,2,1
River Nile,Northern/Nile,2024-07-01,2024-07,2024,7,15,10,6,3,2,2,1,5,0,8,4,7,5,4,7.0,1,0,3,2,17.134520000000002,33.56228,10,3,1,0,4,1,5,0,8,6,3,1,6,4,2,23,20,2,6,2
River Nile,Northern/Nile,2024-08-01,2024-08,2024,8,16,18,6,7,5,0,6,5,2,4,11,7,9,4,2.0,1,0,9,4,16.84297777777778,33.15924444444445,10,6,3,2,2,1,5,0,8,4,3,2,7,5,4,24,14,5,7,2
River Nile,Northern/Nile,2024-09-01,2024-09,2024,9,17,16,23,2,1,6,3,6,0,13,10,3,6,2,3.0,1,0,5,3,16.5604,33.0361,18,6,7,5,0,6,5,2,4,11,9,4,7,9,4,38,15,11,6,8
River Nile,Northern/Nile,2024-10-01,2024-10,2024,10,18,13,5,3,3,0,1,9,0,8,9,4,8,5,0.0,0,0,6,2,16.92936923076923,33.51442307692308,16,23,2,1,6,3,6,0,13,10,5,3,3,6,2,44,35,12,8,10
River Nile,Northern/Nile,2024-11-01,2024-11,2024,11,19,15,0,0,0,2,1,12,0,10,11,5,5,5,1.0,1,0,3,0,17.699893333333332,33.863593333333334,13,5,3,3,0,1,9,0,8,9,6,2,4,8,5,47,34,12,6,10
River Nile,Northern/Nile,2024-12-01,2024-12,2024,12,20,16,11,1,0,2,1,13,0,6,6,5,6,3,1.0,1,0,8,2,17.37676875,33.7964125,15,0,0,0,2,1,12,0,10,11,3,0,5,5,5,44,28,5,8,5
River Nile,Northern/Nile,2025-01-01,2025-01,2025,1,21,14,0,1,0,5,3,6,0,7,10,4,8,3,0.0,0,0,4,0,17.17905,33.62845,16,11,1,0,2,1,13,0,6,6,8,2,5,6,3,44,16,4,4,3
River Nile,Northern/Nile,2025-02-01,2025-02,2025,2,22,8,10,0,0,2,0,5,1,2,1,6,5,5,0.0,0,0,4,1,17.8108625,33.827925,14,0,1,0,5,3,6,0,7,10,4,0,4,8,3,45,11,2,9,5
River Nile,Northern/Nile,2025-03-01,2025-03,2025,3,23,10,0,0,0,3,2,5,0,8,9,3,3,3,1.0,1,0,0,0,17.56107,33.86873,8,10,0,0,2,0,5,1,2,1,4,1,6,5,5,38,21,2,9,4
River Nile,Northern/Nile,2025-04-01,2025-04,2025,4,24,5,3,1,0,0,3,2,0,0,3,5,3,3,,,,1,1,17.47058,33.86974,10,0,0,0,3,2,5,0,8,9,0,0,3,3,3,32,10,1,10,5
Sennar,Central/Nile,2023-04-01,2023-04,2023,4,0,1,0,0,0,0,0,1,0,1,1,2,1,1,0.0,0,0,0,0,13.5422,33.6172,0,0,0,0,0,0,0,0,0,0,0,0,0,0,0,0,0,0,0,0
Sennar,Central/Nile,2023-05-01,2023-05,2023,5,1,2,0,0,0,0,0,1,1,1,1,3,1,1,0.0,0,0,1,0,13.5422,33.6172,1,0,0,0,0,0,1,0,1,1,0,0,2,1,1,1,0,0,0,0
Sennar,Central/Nile,2023-06-01,2023-06,2023,6,2,2,0,0,0,0,0,0,2,0,0,1,2,2,0.0,0,0,0,0,12.99735,33.9604,2,0,0,0,0,0,1,1,1,1,1,0,3,1,1,3,0,0,0,0
Sennar,Central/Nile,2023-07-01,2023-07,2023,7,3,1,0,0,0,0,0,0,1,1,0,2,1,1,1.0,1,0,0,0,13.5422,33.6172,2,0,0,0,0,0,0,2,0,0,0,0,1,2,2,5,0,0,0,0
Sennar,Central/Nile,2023-08-01,2023-08,2023,8,4,5,0,1,1,0,0,3,1,2,0,4,4,3,0.0,0,0,2,0,13.28028,33.87573999999999,1,0,0,0,0,0,0,1,1,0,0,0,2,1,1,5,0,0,0,0
Sennar,Central/Nile,2023-09-01,2023-09,2023,9,5,2,0,0,0,0,0,2,0,2,0,3,2,2,0.0,0,0,1,0,13.1982,33.80285,5,0,1,1,0,0,3,1,2,0,2,0,4,4,3,8,0,1,0,0
Sennar,Central/Nile,2023-10-01,2023-10,2023,10,6,2,0,0,0,0,0,2,0,2,0,2,2,2,0.0,0,0,1,0,13.2311,33.910399999999996,2,0,0,0,0,0,2,0,2,0,1,0,3,2,2,8,0,1,0,0
Sennar,Central/Nile,2023-11-01,2023-11,2023,11,7,0,0,0,0,0,0,0,0,0,0,0,0,0,4.0,1,0,0,0,,,2,0,0,0,0,0,2,0,2,0,1,0,2,2,2,9,0,1,0,0
Sennar,Central/Nile,2023-12-01,2023-12,2023,12,8,17,8,4,3,4,4,6,0,10,10,7,6,3,2.0,1,0,7,2,13.588458823529411,33.58383529411765,0,0,0,0,0,0,0,0,0,0,0,0,0,0,0,4,0,0,0,0
Sennar,Central/Nile,2024-01-01,2024-01,2024,1,9,12,24,2,2,5,2,3,0,10,9,4,5,3,1.0,1,0,4,3,13.561950000000001,33.64304166666667,17,8,4,3,4,4,6,0,10,10,7,2,7,6,3,19,8,4,4,4
Sennar,Central/Nile,2024-02-01,2024-02,2024,2,10,4,37,1,1,2,0,1,0,3,3,3,3,2,7.0,1,0,1,2,13.53745,33.647,12,24,2,2,5,2,3,0,10,9,4,3,4,5,3,29,32,6,9,6
Sennar,Central/Nile,2024-03-01,2024-03,2024,3,11,18,60,7,7,5,1,5,0,7,15,5,9,1,2.0,1,0,9,9,13.699372222222221,33.47304444444444,4,37,1,1,2,0,1,0,3,3,1,2,3,3,2,33,69,7,11,6
Sennar,Central/Nile,2024-04-01,2024-04,2024,4,12,29,23,2,1,13,9,6,0,24,22,6,11,4,3.0,1,0,5,4,13.621589655172412,33.61582068965517,18,60,7,7,5,1,5,0,7,15,9,9,5,9,1,34,121,10,12,3
Sennar,Central/Nile,2024-05-01,2024-05,2024,5,13,6,13,3,3,1,0,2,0,3,4,3,5,3,5.0,1,0,4,2,13.672933333333333,33.55976666666667,29,23,2,1,13,9,6,0,24,22,5,4,6,11,4,51,120,10,20,10
Sennar,Central/Nile,2024-06-01,2024-06,2024,6,14,29,75,5,1,13,4,11,0,16,21,4,9,6,27.0,1,1,11,10,13.380041379310343,33.59930344827586,6,13,3,3,1,0,2,0,3,4,4,2,3,5,3,53,96,12,19,10
Sennar,Central/Nile,2024-07-01,2024-07,2024,7,15,132,137,27,25,34,19,54,0,54,120,6,53,7,18.0,1,1,66,36,13.261237121212123,33.81238939393939,29,75,5,1,13,4,11,0,16,21,11,10,4,9,6,64,111,10,27,13
Sennar,Central/Nile,2024-08-01,2024-08,2024,8,16,42,119,18,13,6,14,9,0,19,36,3,19,7,15.0,1,1,25,14,13.229364285714285,33.847319047619045,132,137,27,25,34,19,54,0,54,120,66,36,6,53,7,167,225,35,48,23
Sennar,Central/Nile,2024-09-01,2024-09,2024,9,17,35,105,15,10,4,18,2,1,20,27,7,13,5,10.0,1,1,17,17,13.348408571428571,33.77281428571428,42,119,18,13,6,14,9,0,19,36,25,14,3,19,7,203,331,50,53,37
Sennar,Central/Nile,2024-10-01,2024-10,2024,10,18,44,466,10,7,19,5,13,0,35,38,3,23,7,14.0,1,1,14,14,13.185829545454546,33.89741590909091,35,105,15,10,4,18,2,1,20,27,17,17,7,13,5,209,361,60,44,51
Sennar,Central/Nile,2024-11-01,2024-11,2024,11,19,62,57,14,14,13,4,31,0,44,50,6,29,7,4.0,1,0,15,11,13.106143548387097,33.88969032258065,44,466,10,7,19,5,13,0,35,38,14,14,3,23,7,121,690,43,29,37
Sennar,Central/Nile,2024-12-01,2024-12,2024,12,20,24,28,4,2,6,5,11,0,18,21,5,17,4,3.0,1,0,7,5,13.290325000000001,33.60480416666667,62,57,14,14,13,4,31,0,44,50,15,11,6,29,7,141,628,39,36,27
Sennar,Central/Nile,2025-01-01,2025-01,2025,1,21,6,3,3,3,0,2,1,0,1,5,3,4,2,0.0,0,0,4,3,13.25685,33.72493333333333,24,28,4,2,6,5,11,0,18,21,7,5,5,17,4,130,551,28,38,14
Sennar,Central/Nile,2025-02-01,2025-02,2025,2,22,2,0,0,0,0,0,2,0,1,0,4,2,1,0.0,0,0,1,0,13.135549999999999,33.7833,6,3,3,3,0,2,1,0,1,5,4,3,3,4,2,92,88,21,19,11
Sennar,Central/Nile,2025-03-01,2025-03,2025,3,23,4,6,0,0,2,0,2,0,3,3,3,3,2,1.0,1,0,0,2,12.785925,33.573949999999996,2,0,0,0,0,0,2,0,1,0,1,0,4,2,1,32,31,7,6,7
Sennar,Central/Nile,2025-04-01,2025-04,2025,4,24,2,35,1,1,0,0,1,0,1,1,3,2,1,,,,1,1,13.219999999999999,33.8247,4,6,0,0,2,0,2,0,3,3,0,2,3,3,2,12,9,3,2,2
South Darfur,Darfur,2023-04-01,2023-04,2023,4,0,32,58,3,2,14,1,13,2,15,18,11,4,3,8.0,1,0,12,14,12.05764375,24.90145,0,0,0,0,0,0,0,0,0,0,0,0,0,0,0,0,0,0,0,0
South Darfur,Darfur,2023-05-01,2023-05,2023,5,1,33,110,8,7,14,1,11,0,17,18,8,7,6,7.0,1,0,16,12,11.860027272727272,24.9172303030303,32,58,3,2,14,1,13,2,15,18,12,14,11,4,3,32,58,3,14,1
South Darfur,Darfur,2023-06-01,2023-06,2023,6,2,36,129,7,7,23,0,6,0,22,21,7,8,7,10.0,1,1,11,17,11.950186111111112,24.79969722222222,33,110,8,7,14,1,11,0,17,18,16,12,8,7,6,65,168,11,28,2
South Darfur,Darfur,2023-07-01,2023-07,2023,7,3,47,159,10,10,27,2,8,0,28,42,6,8,6,14.0,1,1,15,17,12.137429787234042,24.75388085106383,36,129,7,7,23,0,6,0,22,21,11,17,7,8,7,101,297,18,51,2
South Darfur,Darfur,2023-08-01,2023-08,2023,8,4,74,537,14,14,43,0,17,0,32,44,13,17,10,5.0,1,0,20,44,11.914713513513513,24.700864864864865,47,159,10,10,27,2,8,0,28,42,15,17,6,8,6,116,398,25,64,3
South Darfur,Darfur,2023-09-01,2023-09,2023,9,5,30,286,5,4,18,1,6,1,12,20,13,9,6,12.0,1,1,7,20,12.026343333333333,24.607329999999997,74,537,14,14,43,0,17,0,32,44,20,44,13,17,10,157,825,31,93,2
South Darfur,Darfur,2023-10-01,2023-10,2023,10,6,48,370,12,10,25,6,7,0,23,32,10,10,7,4.0,1,0,17,24,11.904052083333333,24.921895833333334,30,286,5,4,18,1,6,1,12,20,7,20,13,9,6,151,982,29,88,3
South Darfur,Darfur,2023-11-01,2023-11,2023,11,7,23,101,4,3,9,1,10,0,8,10,10,5,4,12.0,1,1,6,9,11.460886956521739,24.948326086956524,48,370,12,10,25,6,7,0,23,32,17,24,10,10,7,152,1193,31,86,7
South Darfur,Darfur,2023-12-01,2023-12,2023,12,8,29,58,12,10,3,3,9,4,5,19,12,7,6,0.0,0,0,13,9,11.963575862068964,24.777541379310343,23,101,4,3,9,1,10,0,8,10,6,9,10,5,4,101,757,21,52,8
South Darfur,Darfur,2024-01-01,2024-01,2024,1,9,8,24,0,0,2,3,1,2,4,3,6,5,4,2.0,1,0,2,4,11.6235625,24.7795125,29,58,12,10,3,3,9,4,5,19,13,9,12,7,6,100,529,28,37,10
South Darfur,Darfur,2024-02-01,2024-02,2024,2,10,4,1,2,2,0,0,2,0,1,4,4,2,2,3.0,1,0,3,1,12.168,24.739325,8,24,0,0,2,3,1,2,4,3,2,4,6,5,4,60,183,16,14,7
South Darfur,Darfur,2024-03-01,2024-03,2024,3,11,8,14,3,3,1,2,2,0,0,3,6,6,5,8.0,1,0,5,4,12.0199875,24.6761875,4,1,2,2,0,0,2,0,1,4,3,1,4,2,2,41,83,14,5,6
South Darfur,Darfur,2024-04-01,2024-04,2024,4,12,19,31,8,6,3,6,4,0,7,14,8,4,4,10.0,1,1,10,7,11.992731578947367,24.846173684210527,8,14,3,3,1,2,2,0,0,3,5,4,6,6,5,20,39,5,3,5
South Darfur,Darfur,2024-05-01,2024-05,2024,5,13,16,12,10,8,1,5,2,0,4,9,8,10,9,4.0,1,0,11,7,12.17955,24.6656375,19,31,8,6,3,6,4,0,7,14,10,7,8,4,4,31,46,13,4,8
South Darfur,Darfur,2024-06-01,2024-06,2024,6,14,13,17,4,4,2,0,6,1,1,6,7,4,4,5.0,1,0,6,3,11.59743076923077,24.800653846153846,16,12,10,8,1,5,2,0,4,9,11,7,8,10,9,43,57,21,5,13
South Darfur,Darfur,2024-07-01,2024-07,2024,7,15,12,2,5,5,1,0,6,0,2,7,5,3,3,6.0,1,0,7,2,12.16765,24.799775,13,17,4,4,2,0,6,1,1,6,6,3,7,4,4,48,60,22,6,11
South Darfur,Darfur,2024-08-01,2024-08,2024,8,16,18,4,6,6,1,1,10,0,3,11,5,8,8,13.0,1,1,10,2,12.142205555555556,24.823338888888888,12,2,5,5,1,0,6,0,2,7,7,2,5,3,3,41,31,19,4,5
South Darfur,Darfur,2024-09-01,2024-09,2024,9,17,29,29,13,13,6,5,5,0,7,17,6,10,7,9.0,1,1,14,12,12.097389655172414,24.82572068965517,18,4,6,6,1,1,10,0,3,11,10,2,5,8,8,43,23,15,4,1
South Darfur,Darfur,2024-10-01,2024-10,2024,10,18,24,19,9,9,3,2,10,0,4,14,8,12,9,17.0,1,1,11,6,12.056512499999998,24.8494625,29,29,13,13,6,5,5,0,7,17,14,12,6,10,7,59,35,24,8,6
South Darfur,Darfur,2024-11-01,2024-11,2024,11,19,41,182,17,15,3,4,18,1,4,24,11,18,10,22.0,1,1,22,16,11.608948780487806,24.7954,24,19,9,9,3,2,10,0,4,14,11,6,8,12,9,71,52,28,10,8
South Darfur,Darfur,2024-12-01,2024-12,2024,12,20,50,69,22,15,2,17,14,2,19,30,7,14,10,27.0,1,1,28,16,11.860012,24.889542000000002,41,182,17,15,3,4,18,1,4,24,22,16,11,18,10,94,230,39,12,11
South Darfur,Darfur,2025-01-01,2025-01,2025,1,21,50,73,27,19,6,13,11,1,16,29,6,11,7,15.0,1,1,29,20,11.819126,24.907284,50,69,22,15,2,17,14,2,19,30,28,16,7,14,10,115,270,48,8,23
South Darfur,Darfur,2025-02-01,2025-02,2025,2,22,32,125,15,13,4,7,6,2,14,19,6,6,5,19.0,1,1,16,14,11.9581125,24.896224999999998,50,73,27,19,6,13,11,1,16,29,29,20,6,11,7,141,324,66,11,34
South Darfur,Darfur,2025-03-01,2025-03,2025,3,23,35,50,19,18,5,6,6,0,7,20,4,9,8,4.0,1,0,21,13,11.99856,24.881122857142856,32,125,15,13,4,7,6,2,14,19,16,14,6,6,5,132,267,64,12,37
South Darfur,Darfur,2025-04-01,2025-04,2025,4,24,20,27,4,4,5,2,9,0,3,16,4,7,6,,,,4,6,12.0656,24.803365,35,50,19,18,5,6,6,0,7,20,21,13,4,9,8,117,248,61,15,26
South Kordofan,Kordofan,2023-04-01,2023-04,2023,4,0,5,10,1,1,3,0,0,1,3,4,4,2,2,1.0,1,0,1,1,11.19964,29.79068,0,0,0,0,0,0,0,0,0,0,0,0,0,0,0,0,0,0,0,0
South Kordofan,Kordofan,2023-05-01,2023-05,2023,5,1,4,14,1,1,1,0,2,0,2,2,6,2,2,3.0,1,0,1,1,11.763300000000001,29.7648,5,10,1,1,3,0,0,1,3,4,1,1,4,2,2,5,10,1,3,0
South Kordofan,Kordofan,2023-06-01,2023-06,2023,6,2,31,66,3,3,12,0,16,0,22,5,9,16,12,9.0,1,1,7,7,11.49355806451613,30.104390322580645,4,14,1,1,1,0,2,0,2,2,1,1,6,2,2,9,24,2,4,0
South Kordofan,Kordofan,2023-07-01,2023-07,2023,7,3,45,67,9,8,19,5,10,3,31,5,9,16,8,3.0,1,0,12,10,11.596331111111112,29.904653333333332,31,66,3,3,12,0,16,0,22,5,7,7,9,16,12,40,90,5,16,0
South Kordofan,Kordofan,2023-08-01,2023-08,2023,8,4,23,110,3,2,17,3,1,0,20,0,6,9,4,4.0,1,0,4,11,11.21594347826087,29.89987391304348,45,67,9,8,19,5,10,3,31,5,12,10,9,16,8,80,147,13,32,5
South Kordofan,Kordofan,2023-09-01,2023-09,2023,9,5,12,16,4,4,6,0,1,1,8,1,7,7,6,3.0,1,0,4,6,11.6791,29.961074999999997,23,110,3,2,17,3,1,0,20,0,4,11,6,9,4,99,243,15,48,8
South Kordofan,Kordofan,2023-10-01,2023-10,2023,10,6,20,66,3,2,12,2,4,0,13,5,9,11,8,1.0,1,0,3,13,11.746970000000001,30.132625,12,16,4,4,6,0,1,1,8,1,4,6,7,7,6,80,193,16,42,8
South Kordofan,Kordofan,2023-11-01,2023-11,2023,11,7,13,105,1,1,10,1,0,1,3,3,11,5,4,4.0,1,0,1,10,11.601638461538462,30.274184615384613,20,66,3,2,12,2,4,0,13,5,3,13,9,11,8,55,192,10,35,5
South Kordofan,Kordofan,2023-12-01,2023-12,2023,12,8,17,40,4,4,10,1,2,0,5,12,8,7,6,8.0,1,0,5,10,12.07444705882353,29.876629411764704,13,105,1,1,10,1,0,1,3,3,1,10,11,5,4,45,187,8,28,3
South Kordofan,Kordofan,2024-01-01,2024-01,2024,1,9,32,84,8,8,10,7,6,1,20,18,10,12,7,16.0,1,1,10,8,11.973425,29.965103125,17,40,4,4,10,1,2,0,5,12,5,10,8,7,6,50,211,8,32,4
South Kordofan,Kordofan,2024-02-01,2024-02,2024,2,10,32,184,16,15,13,1,3,0,2,27,10,12,7,10.0,1,1,18,24,11.856628125,30.21140625,32,84,8,8,10,7,6,1,20,18,10,8,10,12,7,62,229,13,30,9
South Kordofan,Kordofan,2024-03-01,2024-03,2024,3,11,27,71,10,6,6,10,3,2,9,6,7,14,8,5.0,1,0,12,12,11.477337037037037,30.08385185185185,32,184,16,15,13,1,3,0,2,27,18,24,10,12,7,81,308,28,33,9
South Kordofan,Kordofan,2024-04-01,2024-04,2024,4,12,18,133,5,5,10,0,2,1,8,9,8,8,4,8.0,1,0,7,13,12.00185,30.834466666666668,27,71,10,6,6,10,3,2,9,6,12,12,7,14,8,91,339,34,29,18
South Kordofan,Kordofan,2024-05-01,2024-05,2024,5,13,10,11,8,7,0,2,0,1,2,3,8,7,6,3.0,1,0,9,7,11.4922,30.1166,18,133,5,5,10,0,2,1,8,9,7,13,8,8,4,77,388,31,29,11
South Kordofan,Kordofan,2024-06-01,2024-06,2024,6,14,6,5,3,3,1,0,2,0,1,1,6,4,4,7.0,1,0,4,3,12.016683333333333,30.462116666666663,10,11,8,7,0,2,0,1,2,3,9,7,8,7,6,55,215,23,16,12
South Kordofan,Kordofan,2024-07-01,2024-07,2024,7,15,10,34,7,7,2,0,0,1,4,4,7,7,5,5.0,1,0,7,7,11.82542,30.501749999999998,6,5,3,3,1,0,2,0,1,1,4,3,6,4,4,34,149,16,11,2
South Kordofan,Kordofan,2024-08-01,2024-08,2024,8,16,13,6,5,5,3,0,4,1,5,3,9,8,8,1.0,1,0,5,4,11.686561538461538,30.281115384615383,10,34,7,7,2,0,0,1,4,4,7,7,7,7,5,26,50,18,3,2
South Kordofan,Kordofan,2024-09-01,2024-09,2024,9,17,4,0,1,1,1,0,2,0,4,0,3,3,3,5.0,1,0,1,0,11.508475,29.698249999999998,13,6,5,5,3,0,4,1,5,3,5,4,9,8,8,29,45,15,6,0
South Kordofan,Kordofan,2024-10-01,2024-10,2024,10,18,14,18,5,4,0,1,8,1,5,4,7,12,7,3.0,1,0,8,4,11.735814285714286,30.194992857142857,4,0,1,1,1,0,2,0,4,0,1,0,3,3,3,27,40,13,6,0
South Kordofan,Kordofan,2024-11-01,2024-11,2024,11,19,4,9,3,2,0,1,1,0,1,1,5,3,3,1.0,1,0,4,3,11.49335,30.058125,14,18,5,4,0,1,8,1,5,4,8,4,7,12,7,31,24,11,4,1
South Kordofan,Kordofan,2024-12-01,2024-12,2024,12,20,7,4,1,1,1,0,4,1,5,0,5,6,5,1.0,1,0,1,2,11.608514285714287,30.400228571428574,4,9,3,2,0,1,1,0,1,1,4,3,5,3,3,22,27,9,1,2
South Kordofan,Kordofan,2025-01-01,2025-01,2025,1,21,7,0,1,1,3,0,3,0,5,0,4,6,5,3.0,1,0,2,0,11.570214285714286,29.890742857142858,7,4,1,1,1,0,4,1,5,0,1,2,5,6,5,25,31,9,1,2
South Kordofan,Kordofan,2025-02-01,2025-02,2025,2,22,42,87,3,1,24,12,3,2,38,9,6,22,8,0.0,0,0,5,7,11.68397619047619,29.854966666666666,7,0,1,1,3,0,3,0,5,0,2,0,4,6,5,18,13,5,4,1
South Kordofan,Kordofan,2025-03-01,2025-03,2025,3,23,8,83,0,0,3,1,4,0,4,4,5,5,4,2.0,1,0,0,2,11.31715,30.299425,42,87,3,1,24,12,3,2,38,9,5,7,6,22,8,56,91,5,28,12
South Kordofan,Kordofan,2025-04-01,2025-04,2025,4,24,22,145,2,1,10,4,6,1,16,15,9,16,9,,,,4,8,11.851595454545453,30.38732272727273,8,83,0,0,3,1,4,0,4,4,0,2,5,5,4,57,170,4,30,13
West Darfur,Darfur,2023-04-01,2023-04,2023,4,0,45,463,12,11,14,1,18,1,13,23,12,7,5,38.0,1,1,25,19,13.37062888888889,22.446115555555554,0,0,0,0,0,0,0,0,0,0,0,0,0,0,0,0,0,0,0,0
West Darfur,Darfur,2023-05-01,2023-05,2023,5,1,61,1144,38,30,12,8,11,0,7,41,10,5,4,48.0,1,1,48,36,13.38304262295082,22.43503606557377,45,463,12,11,14,1,18,1,13,23,25,19,12,7,5,45,463,12,14,1
West Darfur,Darfur,2023-06-01,2023-06,2023,6,2,77,1288,48,46,19,2,10,0,1,64,9,13,3,15.0,1,1,58,38,13.437807792207792,22.41345844155844,61,1144,38,30,12,8,11,0,7,41,48,36,10,5,4,106,1607,50,26,9
West Darfur,Darfur,2023-07-01,2023-07,2023,7,3,28,275,15,15,9,0,4,0,1,23,8,6,3,1.0,1,0,17,17,13.546746428571428,22.553139285714284,77,1288,48,46,19,2,10,0,1,64,58,38,9,13,3,183,2895,98,45,11
West Darfur,Darfur,2023-08-01,2023-08,2023,8,4,6,17,1,1,1,0,4,0,0,5,4,3,2,5.0,1,0,5,2,13.499083333333333,22.460266666666666,28,275,15,15,9,0,4,0,1,23,17,17,8,6,3,166,2707,101,40,10
West Darfur,Darfur,2023-09-01,2023-09,2023,9,5,12,10,5,5,3,0,4,0,2,9,7,5,3,1.0,1,0,6,2,13.708241666666666,22.45165833333333,6,17,1,1,1,0,4,0,0,5,5,2,4,3,2,111,1580,64,29,2
West Darfur,Darfur,2023-10-01,2023-10,2023,10,6,10,4,1,1,1,0,8,0,4,6,5,3,2,15.0,1,1,4,2,13.349219999999999,22.37235,12,10,5,5,3,0,4,0,2,9,6,2,7,5,3,46,302,21,13,0
West Darfur,Darfur,2023-11-01,2023-11,2023,11,7,37,1677,15,15,7,1,14,0,9,31,9,5,3,2.0,1,0,19,13,13.506108108108108,22.503581081081084,10,4,1,1,1,0,8,0,4,6,4,2,5,3,2,28,31,7,5,0
West Darfur,Darfur,2023-12-01,2023-12,2023,12,8,10,4,2,2,0,0,7,1,1,6,10,3,3,0.0,0,0,3,1,13.50409,22.48547,37,1677,15,15,7,1,14,0,9,31,19,13,9,5,3,59,1691,21,11,1
West Darfur,Darfur,2024-01-01,2024-01,2024,1,9,2,0,0,0,0,1,1,0,1,1,4,2,2,2.0,1,0,2,0,13.2821,22.3157,10,4,2,2,0,0,7,1,1,6,3,1,10,3,3,57,1685,18,8,1
West Darfur,Darfur,2024-02-01,2024-02,2024,2,10,8,1,2,2,0,0,6,0,1,6,5,4,4,4.0,1,0,3,1,13.3049,22.584025,2,0,0,0,0,1,1,0,1,1,2,0,4,2,2,49,1681,17,7,2
West Darfur,Darfur,2024-03-01,2024-03,2024,3,11,6,12,4,4,1,0,1,0,0,5,5,6,4,3.0,1,0,5,2,13.094566666666667,22.619583333333335,8,1,2,2,0,0,6,0,1,6,3,1,5,4,4,20,5,4,0,1
West Darfur,Darfur,2024-04-01,2024-04,2024,4,12,3,0,3,3,0,0,0,0,0,2,3,3,2,0.0,0,0,3,0,13.364666666666666,22.781666666666666,6,12,4,4,1,0,1,0,0,5,5,2,5,6,4,16,13,6,1,1
West Darfur,Darfur,2024-05-01,2024-05,2024,5,13,0,0,0,0,0,0,0,0,0,0,0,0,0,0.0,0,0,0,0,,,3,0,3,3,0,0,0,0,0,2,3,0,3,3,2,17,13,9,1,0
West Darfur,Darfur,2024-06-01,2024-06,2024,6,14,1,0,0,0,0,0,1,0,0,1,2,1,1,0.0,0,0,1,0,13.4413,22.4454,0,0,0,0,0,0,0,0,0,0,0,0,0,0,0,9,12,7,1,0
West Darfur,Darfur,2024-07-01,2024-07,2024,7,15,6,7,0,0,3,1,2,0,2,3,5,3,2,2.0,1,0,0,3,12.931833333333335,22.515500000000003,1,0,0,0,0,0,1,0,0,1,1,0,2,1,1,4,0,3,0,0
West Darfur,Darfur,2024-08-01,2024-08,2024,8,16,8,2,2,1,0,4,3,0,4,3,6,6,3,0.0,0,0,4,2,13.303475,22.4926625,6,7,0,0,3,1,2,0,2,3,0,3,5,3,2,7,7,0,3,1
West Darfur,Darfur,2024-09-01,2024-09,2024,9,17,8,20,0,0,1,0,7,0,2,4,5,5,5,10.0,1,1,1,1,13.761325,22.500075,8,2,2,1,0,4,3,0,4,3,4,2,6,6,3,15,9,2,3,5
West Darfur,Darfur,2024-10-01,2024-10,2024,10,18,39,131,10,8,18,5,8,0,7,29,9,16,6,6.0,1,0,13,13,13.782002564102564,22.47910256410256,8,20,0,0,1,0,7,0,2,4,1,1,5,5,5,22,29,2,4,5
West Darfur,Darfur,2024-11-01,2024-11,2024,11,19,11,3,6,6,1,0,4,0,1,4,5,9,6,6.0,1,0,7,3,13.455136363636363,22.505854545454547,39,131,10,8,18,5,8,0,7,29,13,13,9,16,6,55,153,12,19,9
West Darfur,Darfur,2024-12-01,2024-12,2024,12,20,12,2,6,6,1,0,5,0,1,3,6,7,4,4.0,1,0,10,2,13.458874999999999,22.431583333333332,11,3,6,6,1,0,4,0,1,4,7,3,5,9,6,58,154,16,20,5
West Darfur,Darfur,2025-01-01,2025-01,2025,1,21,7,4,4,4,0,1,2,0,1,4,4,3,3,0.0,0,0,6,3,13.141985714285713,22.517242857142858,12,2,6,6,1,0,5,0,1,3,10,2,6,7,4,62,136,22,20,5
West Darfur,Darfur,2025-02-01,2025-02,2025,2,22,8,13,0,0,2,1,5,0,1,5,6,5,2,8.0,1,0,2,2,13.9720125,22.3765,7,4,4,4,0,1,2,0,1,4,6,3,4,3,3,30,9,16,2,1
West Darfur,Darfur,2025-03-01,2025-03,2025,3,23,11,16,8,8,1,0,2,0,1,7,4,9,4,2.0,1,0,8,8,13.928245454545454,22.525154545454544,8,13,0,0,2,1,5,0,1,5,2,2,6,5,2,27,19,10,3,2
West Darfur,Darfur,2025-04-01,2025-04,2025,4,24,5,0,2,2,0,0,3,0,0,2,5,3,2,,,,2,0,13.668600000000001,22.43172,11,16,8,8,1,0,2,0,1,7,8,8,4,9,4,26,33,12,3,2
West Kordofan,Kordofan,2023-04-01,2023-04,2023,4,0,5,0,0,0,3,0,2,0,3,4,4,2,2,0.0,0,0,1,0,12.18426,28.275980000000004,0,0,0,0,0,0,0,0,0,0,0,0,0,0,0,0,0,0,0,0
West Kordofan,Kordofan,2023-05-01,2023-05,2023,5,1,2,34,0,0,2,0,0,0,0,0,2,2,1,0.0,0,0,0,2,11.30685,27.569049999999997,5,0,0,0,3,0,2,0,3,4,1,0,4,2,2,5,0,0,3,0
West Kordofan,Kordofan,2023-06-01,2023-06,2023,6,2,2,0,0,0,0,0,2,0,0,1,3,2,2,4.0,1,0,1,0,11.7431,27.8656,2,34,0,0,2,0,0,0,0,0,0,2,2,2,1,7,34,0,5,0
West Kordofan,Kordofan,2023-07-01,2023-07,2023,7,3,6,0,4,4,1,0,0,1,1,3,6,2,2,3.0,1,0,4,0,12.092366666666669,28.46613333333333,2,0,0,0,0,0,2,0,0,1,1,0,3,2,2,9,34,0,5,0
West Kordofan,Kordofan,2023-08-01,2023-08,2023,8,4,20,90,3,3,7,0,10,0,6,11,10,5,4,4.0,1,0,7,8,12.24568,28.48795,6,0,4,4,1,0,0,1,1,3,4,0,6,2,2,10,34,4,3,0
West Kordofan,Kordofan,2023-09-01,2023-09,2023,9,5,16,20,4,4,7,0,3,2,8,6,10,7,6,3.0,1,0,5,9,11.9602625,28.04908125,20,90,3,3,7,0,10,0,6,11,7,8,10,5,4,28,90,7,8,0
West Kordofan,Kordofan,2023-10-01,2023-10,2023,10,6,14,40,3,3,5,0,4,2,5,6,8,9,6,4.0,1,0,4,6,11.578492857142857,28.45339285714286,16,20,4,4,7,0,3,2,8,6,5,9,10,7,6,42,110,11,15,0
West Kordofan,Kordofan,2023-11-01,2023-11,2023,11,7,40,50,4,3,12,7,16,2,30,20,13,18,11,0.0,0,0,5,9,11.49075,28.250259999999997,14,40,3,3,5,0,4,2,5,6,4,6,8,9,6,50,150,10,19,0
West Kordofan,Kordofan,2023-12-01,2023-12,2023,12,8,8,4,0,0,2,0,6,0,4,3,8,5,5,2.0,1,0,1,2,11.6806125,28.062875,40,50,4,3,12,7,16,2,30,20,5,9,13,18,11,70,110,11,24,7
West Kordofan,Kordofan,2024-01-01,2024-01,2024,1,9,26,126,2,0,12,6,7,1,18,19,11,9,7,2.0,1,0,3,11,11.528907692307692,27.906334615384615,8,4,0,0,2,0,6,0,4,3,1,2,8,5,5,62,94,7,19,7
West Kordofan,Kordofan,2024-02-01,2024-02,2024,2,10,20,19,2,2,11,3,4,0,14,14,6,6,6,5.0,1,0,4,4,11.4657,28.043055,26,126,2,0,12,6,7,1,18,19,3,11,11,9,7,74,180,6,26,13
West Kordofan,Kordofan,2024-03-01,2024-03,2024,3,11,26,91,5,3,14,4,4,1,18,21,7,6,5,9.0,1,1,8,15,11.7461,28.05837692307692,20,19,2,2,11,3,4,0,14,14,4,4,6,6,6,54,149,4,25,9
West Kordofan,Kordofan,2024-04-01,2024-04,2024,4,12,20,36,9,8,6,3,3,0,13,13,6,8,4,6.0,1,0,10,7,11.492865,28.328735,26,91,5,3,14,4,4,1,18,21,8,15,7,6,5,72,236,9,37,13
West Kordofan,Kordofan,2024-05-01,2024-05,2024,5,13,19,60,6,6,6,3,4,0,8,14,6,8,6,4.0,1,0,9,11,11.861805263157896,28.160621052631576,20,36,9,8,6,3,3,0,13,13,10,7,6,8,4,66,146,16,31,10
West Kordofan,Kordofan,2024-06-01,2024-06,2024,6,14,22,32,4,2,9,3,8,0,18,14,9,9,8,4.0,1,0,6,6,11.392736363636363,28.309759090909093,19,60,6,6,6,3,4,0,8,14,9,11,6,8,6,65,187,20,26,10
West Kordofan,Kordofan,2024-07-01,2024-07,2024,7,15,20,114,4,3,7,3,7,0,15,14,6,9,7,1.0,1,0,6,11,11.991265,28.470364999999997,22,32,4,2,9,3,8,0,18,14,6,6,9,9,8,61,128,19,21,9
West Kordofan,Kordofan,2024-08-01,2024-08,2024,8,16,10,52,1,0,3,1,4,2,3,5,7,7,7,4.0,1,0,2,4,11.95542,27.89814,20,114,4,3,7,3,7,0,15,14,6,11,6,9,7,61,206,14,22,9
West Kordofan,Kordofan,2024-09-01,2024-09,2024,9,17,14,15,4,4,1,2,7,0,7,10,5,6,6,6.0,1,0,5,5,12.26617857142857,28.5348,10,52,1,0,3,1,4,2,3,5,2,4,7,7,7,52,198,9,19,7
West Kordofan,Kordofan,2024-10-01,2024-10,2024,10,18,14,72,6,6,3,1,4,0,6,12,5,11,7,0.0,0,0,7,6,12.477835714285714,28.087835714285713,14,15,4,4,1,2,7,0,7,10,5,5,5,6,6,44,181,9,11,6
West Kordofan,Kordofan,2024-11-01,2024-11,2024,11,19,12,24,0,0,7,0,5,0,8,6,7,6,5,4.0,1,0,1,3,11.679575,28.65330833333333,14,72,6,6,3,1,4,0,6,12,7,6,5,11,7,38,139,11,7,4
West Kordofan,Kordofan,2024-12-01,2024-12,2024,12,20,6,17,4,3,2,1,0,0,2,3,6,5,4,0.0,0,0,4,3,11.00465,28.398083333333332,12,24,0,0,7,0,5,0,8,6,1,3,7,6,5,40,111,10,11,3
West Kordofan,Kordofan,2025-01-01,2025-01,2025,1,21,3,0,0,0,1,0,2,0,1,2,3,2,2,3.0,1,0,0,0,12.829866666666668,28.265133333333335,6,17,4,3,2,1,0,0,2,3,4,3,6,5,4,32,113,10,12,2
West Kordofan,Kordofan,2025-02-01,2025-02,2025,2,22,14,20,3,3,7,1,3,0,4,12,6,8,6,2.0,1,0,5,3,12.075528571428572,28.39537142857143,3,0,0,0,1,0,2,0,1,2,0,0,3,2,2,21,41,4,10,1
West Kordofan,Kordofan,2025-03-01,2025-03,2025,3,23,8,24,2,2,2,0,4,0,4,6,5,4,4,6.0,1,0,2,3,12.4234,28.625287500000002,14,20,3,3,7,1,3,0,4,12,5,3,6,8,6,23,37,7,10,2
West Kordofan,Kordofan,2025-04-01,2025-04,2025,4,24,22,130,6,6,6,3,7,0,9,17,6,14,10,,,,7,6,11.710336363636365,28.403877272727275,8,24,2,2,2,0,4,0,4,6,2,3,5,4,4,25,44,5,10,1
White Nile,Central/Nile,2023-04-01,2023-04,2023,4,0,2,0,0,0,1,0,1,0,1,1,3,2,2,0.0,0,0,0,0,13.1731,32.7009,0,0,0,0,0,0,0,0,0,0,0,0,0,0,0,0,0,0,0,0
White Nile,Central/Nile,2023-05-01,2023-05,2023,5,1,8,29,0,0,3,0,2,3,0,0,4,3,3,0.0,0,0,0,3,13.3515125,32.6117,2,0,0,0,1,0,1,0,1,1,0,0,3,2,2,2,0,0,1,0
White Nile,Central/Nile,2023-06-01,2023-06,2023,6,2,3,0,0,0,0,0,0,3,0,0,1,1,1,0.0,0,0,0,0,13.1485,32.6675,8,29,0,0,3,0,2,3,0,0,0,3,4,3,3,10,29,0,4,0
White Nile,Central/Nile,2023-07-01,2023-07,2023,7,3,2,0,0,0,0,0,1,1,0,1,2,2,2,1.0,1,0,0,0,13.1731,32.7009,3,0,0,0,0,0,0,3,0,0,0,0,1,1,1,13,29,0,4,0
White Nile,Central/Nile,2023-08-01,2023-08,2023,8,4,12,0,1,1,0,0,10,1,10,1,5,6,5,0.0,0,0,2,0,13.273783333333334,32.58195833333333,2,0,0,0,0,0,1,1,0,1,0,0,2,2,2,13,29,0,3,0
White Nile,Central/Nile,2023-09-01,2023-09,2023,9,5,3,0,0,0,0,0,1,2,1,0,2,2,2,0.0,0,0,0,0,12.840633333333335,32.54516666666667,12,0,1,1,0,0,10,1,10,1,2,0,5,6,5,17,0,1,0,0
White Nile,Central/Nile,2023-10-01,2023-10,2023,10,6,5,0,0,0,0,0,4,1,3,1,4,4,4,1.0,1,0,1,0,13.45738,32.42118,3,0,0,0,0,0,1,2,1,0,0,0,2,2,2,17,0,1,0,0
White Nile,Central/Nile,2023-11-01,2023-11,2023,11,7,9,6,1,1,3,2,3,0,6,4,4,4,3,0.0,0,0,2,3,14.367511111111112,32.467844444444445,5,0,0,0,0,0,4,1,3,1,1,0,4,4,4,20,0,1,0,0
White Nile,Central/Nile,2023-12-01,2023-12,2023,12,8,13,11,0,0,5,0,7,1,9,6,7,6,6,2.0,1,0,5,2,13.798953846153847,32.48931538461538,9,6,1,1,3,2,3,0,6,4,2,3,4,4,3,17,6,1,3,2
White Nile,Central/Nile,2024-01-01,2024-01,2024,1,9,14,9,2,2,1,2,9,0,4,7,9,6,5,2.0,1,0,6,3,14.023857142857143,32.456599999999995,13,11,0,0,5,0,7,1,9,6,5,2,7,6,6,27,17,1,8,2
White Nile,Central/Nile,2024-02-01,2024-02,2024,2,10,3,2,2,2,0,0,1,0,0,3,2,2,2,4.0,1,0,3,1,14.862500000000002,32.32716666666666,14,9,2,2,1,2,9,0,4,7,6,3,9,6,5,36,26,3,9,4
White Nile,Central/Nile,2024-03-01,2024-03,2024,3,11,17,4,4,3,2,7,5,0,9,14,5,10,5,2.0,1,0,9,3,14.275623529411764,32.30595294117647,3,2,2,2,0,0,1,0,0,3,3,1,2,2,2,30,22,4,6,2
White Nile,Central/Nile,2024-04-01,2024-04,2024,4,12,7,1,2,2,0,1,4,0,2,4,5,6,3,2.0,1,0,3,1,14.31857142857143,32.443985714285716,17,4,4,3,2,7,5,0,9,14,9,3,5,10,5,34,15,8,3,9
White Nile,Central/Nile,2024-05-01,2024-05,2024,5,13,17,13,2,2,10,0,3,2,10,14,5,11,4,3.0,1,0,2,7,14.146241176470587,32.33789411764706,7,1,2,2,0,1,4,0,2,4,3,1,5,6,3,27,7,8,2,8
White Nile,Central/Nile,2024-06-01,2024-06,2024,6,14,19,36,3,1,5,9,4,0,15,14,5,8,6,7.0,1,0,4,7,14.177073684210526,32.40330526315789,17,13,2,2,10,0,3,2,10,14,2,7,5,11,4,41,18,8,12,8
White Nile,Central/Nile,2024-07-01,2024-07,2024,7,15,21,49,7,7,5,2,7,0,13,13,7,8,6,15.0,1,1,9,11,13.347580952380952,32.460676190476185,19,36,3,1,5,9,4,0,15,14,4,7,5,8,6,43,50,7,15,10
White Nile,Central/Nile,2024-08-01,2024-08,2024,8,16,37,9,15,15,2,3,15,2,9,32,6,21,4,3.0,1,0,23,7,14.288448648648648,32.34976756756757,21,49,7,7,5,2,7,0,13,13,9,11,7,8,6,57,98,12,20,11
White Nile,Central/Nile,2024-09-01,2024-09,2024,9,17,6,3,3,3,0,0,3,0,3,3,5,5,3,5.0,1,0,4,3,13.801716666666666,32.562466666666666,37,9,15,15,2,3,15,2,9,32,23,7,6,21,4,77,94,25,12,14
White Nile,Central/Nile,2024-10-01,2024-10,2024,10,18,11,21,5,5,2,0,4,0,3,10,4,8,6,8.0,1,0,6,4,13.967654545454547,32.30234545454545,6,3,3,3,0,0,3,0,3,3,4,3,5,5,3,64,61,25,7,5
White Nile,Central/Nile,2024-11-01,2024-11,2024,11,19,14,19,8,8,1,2,3,0,4,12,3,9,3,13.0,1,1,9,4,14.251142857142856,32.224778571428565,11,21,5,5,2,0,4,0,3,10,6,4,4,8,6,54,33,23,4,3
White Nile,Central/Nile,2024-12-01,2024-12,2024,12,20,45,73,13,13,8,8,16,0,23,39,6,24,7,9.0,1,1,14,16,13.718971111111111,32.426164444444446,14,19,8,8,1,2,3,0,4,12,9,4,3,9,3,31,43,16,3,2
White Nile,Central/Nile,2025-01-01,2025-01,2025,1,21,21,54,9,8,4,3,6,0,9,20,4,14,6,47.0,1,1,12,6,14.126147619047618,32.30286666666667,45,73,13,13,8,8,16,0,23,39,14,16,6,24,7,70,113,26,11,10
White Nile,Central/Nile,2025-02-01,2025-02,2025,2,22,94,299,47,45,16,8,24,1,40,86,9,45,7,8.0,1,0,49,28,14.471840425531916,32.31830744680851,21,54,9,8,4,3,6,0,9,20,12,6,4,14,6,80,146,30,13,13
White Nile,Central/Nile,2025-03-01,2025-03,2025,3,23,18,13,8,8,5,1,4,0,6,15,4,16,6,5.0,1,0,10,4,13.90691111111111,32.44029444444445,94,299,47,45,16,8,24,1,40,86,49,28,9,45,7,160,426,69,28,19
White Nile,Central/Nile,2025-04-01,2025-04,2025,4,24,13,54,5,5,3,4,1,0,7,11,4,9,3,,,,6,6,14.481153846153846,32.080623076923075,18,13,8,8,5,1,4,0,6,15,10,4,4,16,6,133,366,64,25,12
